"id","first_name","gender","start_date","last_login_time","salary","bonus_percent","senior_management","team","employee_id"
"tcsk0GYcShhCFgYSeWprs","Douglas","Male","1993-08-06","12:42:00",97308,"6.945",True,"Marketing",100000
"5yTiDMOOlD2qnSBGnpzus","Maria","Female","1993-04-23","11:17:00",130590,"11.858",False,"Finance",100001
"NCV9KOUl9r66W6M8ACXiV","Jerry","Male","2005-03-04","13:00:00",138705,"9.340",True,"Finance",100002
"sgCFHSmeCUMM085ITtWr7","Larry","Male","1998-01-24","16:47:00",101004,"1.389",True,"Client Services",100003
"DCQNVeqHNFzhpcdZM9p74","Dennis","Male","1987-04-18","01:35:00",115163,"10.125",False,"Legal",100004
"uDiHUVku8qZlSboCIh8kX","Ruby","Female","1987-08-17","16:20:00",65476,"10.012",True,"Product",100005
"pd4nqs3aLj9eLnXac6GTf","Angela","Female","2005-11-22","06:29:00",95570,"18.523",True,"Engineering",100006
"lbu6trHDG12GFxXVAkT7w","Frances","Female","2002-08-08","06:51:00",139852,"7.524",True,"Business Development",100007
"6shBvISfbjPI06SWnvFeb","Julie","Female","1997-10-26","15:19:00",102508,"12.637",True,"Legal",100008
"wUITEiv0hIl6CAoVexw5W","Brandon","Male","1980-12-01","01:08:00",112807,"17.492",True,"Human Resources",100009
"Ep8PpnRgEAOzetnWtZqHn","Gary","Male","2008-01-27","23:40:00",109831,"5.831",False,"Sales",100010
"wRGOinedZPcsHCVBRDcIT","Kimberly","Female","1999-01-14","07:13:00",41426,"14.543",True,"Finance",100011
"dTl2UFwAxtMYDWd3YTDhb","Lillian","Female","2016-06-05","06:09:00",59414,"1.256",False,"Product",100012
"KJ3Y7S9Mfg0sRRdSheM0D","Jeremy","Male","2010-09-21","05:56:00",90370,"7.369",False,"Human Resources",100013
"GsDzQW8C4veK8sbjPRdHg","Shawn","Male","1986-12-07","19:45:00",111737,"6.414",False,"Product",100014
"9jqyIJEtCWKIHAqMUbBya","Diana","Female","1981-10-23","10:27:00",132940,"19.082",False,"Client Services",100015
"M6db25qO6BkXlG2DtP56w","Donna","Female","2010-07-22","03:48:00",81014,"1.894",False,"Product",100016
"MGrzOySpRKS6igm2GEsGu","Matthew","Male","1995-09-05","02:12:00",100612,"13.645",False,"Marketing",100017
"gsJsVz4BovDHQKPuNKLWC","John","Male","1992-07-01","22:08:00",97950,"13.873",False,"Client Services",100018
"mZ9p9tGyuFjv1J19kmzPt","Craig","Male","2000-02-27","07:45:00",37598,"7.757",True,"Marketing",100019
"6r4Fw6uf07it1KsgN08cp","Terry","Male","1981-11-27","18:30:00",124008,"13.464",True,"Client Services",100020
"GQVFBxHehaOmuqZJ1kPiW","Benjamin","Male","2005-01-26","22:06:00",79529,"7.008",True,"Legal",100021
"ZPVilXY48puLboSDmP8w1","Christina","Female","2002-08-06","13:19:00",118780,"9.096",True,"Engineering",100022
"DOV930IeA6okwJyDRtKmo","Jean","Female","1993-12-18","09:07:00",119082,"16.180",False,"Business Development",100023
"xTJuqd1m5BIm00uxapKKE","Jerry","Male","2004-01-10","12:56:00",95734,"19.096",False,"Client Services",100024
"eVCjQTBeug6eQjOpUcC9X","Theresa","Female","2006-10-10","01:12:00",85182,"16.675",False,"Sales",100025
"MIfSKo4YPna3YQP6XsVe8","Rachel","Female","2009-02-16","20:47:00",142032,"12.599",False,"Business Development",100026
"qjLbZIlxBW2Jbu0Tvs6yT","Linda","Female","1981-10-19","20:49:00",57427,"9.557",True,"Client Services",100027
"dUtqnKkJGcCPp489G313p","Stephanie","Female","1986-09-13","01:52:00",36844,"5.574",True,"Business Development",100028
"V8t7Qzvwz9QQrgTJgswq3","Michael","Male","2008-10-10","11:25:00",99283,"2.665",True,"Distribution",100029
"m5W6VBPEbtBmHXREo74QG","Beverly","Female","1998-09-09","20:26:00",121918,"15.835",False,"Legal",100030
"L4vaq1s3eHhibMO5A39o6","Marilyn","Female","1980-12-07","03:16:00",73524,"5.207",True,"Marketing",100031
"yUAq3K3PdOsbmA84gqBSS","Cynthia","Female","1988-11-16","18:54:00",145146,"7.482",True,"Product",100032
"h5ry16vrMooJlez2P1tEQ","Roger","Male","1980-04-17","11:32:00",88010,"13.886",True,"Sales",100033
"guRj98zwvmTP3lrl5dMKn","Bruce","Male","2009-11-28","22:47:00",114796,"6.796",False,"Finance",100034
"ADpVe4AKMCsTBdHJxuoaF","Kathy","Female","2005-06-22","04:51:00",66820,"9.000",True,"Client Services",100035
"XhXzXDMwLt6HXUKtVtGAY","Clarence","Male","1996-03-26","05:57:00",93581,"6.083",True,"Business Development",100036
"XFolXwVUUgzTQCnUwqCdf","Nancy","Female","2000-09-23","08:05:00",94976,"13.830",True,"Engineering",100037
"wUAab3RpwHjFTE4v7y6FC","Todd","Male","1990-02-18","02:41:00",49339,"1.695",True,"Human Resources",100038
"FSpJ9CNfbrKQSidwqF49H","Sara","Female","2007-08-15","09:23:00",83677,"8.999",False,"Engineering",100039
"POZy4lum5WVqN15goeFyX","Karen","Female","1999-11-30","07:46:00",102488,"17.653",True,"Product",100040
"p4MDdVbJzgk3Vn4nVzHAX","Carl","Male","2006-05-03","17:55:00",130276,"16.084",True,"Finance",100041
"o6YPPZerSDq7rPURVBHcz","Henry","Male","1996-06-26","01:44:00",64715,"15.107",True,"Human Resources",100042
"ZWxad1QuiZwAQw61QBvNi","Theresa","Female","2010-04-11","07:18:00",72670,"1.481",True,"Engineering",100043
"L8VaG6iw7DEM9qKlvXOoD","Irene","Female","1997-05-07","09:32:00",66851,"11.279",False,"Engineering",100044
"Ec3ZVcU65SzzzjzXgCU9b","Denise","Female","2001-11-06","12:03:00",106862,"3.699",False,"Business Development",100045
"Y6o9GLv0N8ohO8w1ODrBo","Matthew","Male","2013-01-02","22:33:00",35203,"18.040",False,"Human Resources",100046
"uIG0LfOyLEDQt26YhugI0","Steve","Male","2009-11-11","23:44:00",61310,"12.428",True,"Distribution",100047
"TrlAv7TFVGblXwnEmyu6e","Nancy","Female","2012-12-15","23:57:00",125250,"2.672",True,"Business Development",100048
"ZlttK9G6Y8cHxVQxQyT9z","Rachel","Female","1999-08-16","06:53:00",51178,"9.735",True,"Finance",100049
"xh6lzWu8TUlWq8ZQP6tVL","Jose","Male","2004-10-30","13:39:00",84834,"14.330",True,"Finance",100050
"G0BMWeoTGe73lEIBp85gG","Johnny","Male","2009-11-06","16:23:00",118172,"16.194",True,"Sales",100051
"2Spt5xhrwKAuC4Oalzu4k","Bobby","Male","2007-05-07","10:01:00",54043,"3.833",False,"Product",100052
"eb9vZLRJ3DNuf52fPlkoy","Frances","Female","1999-04-04","16:19:00",90582,"4.709",True,"Sales",100053
"0iyBy7HWwZvnsEbrm6nvn","Thomas","Male","1995-06-04","14:24:00",62096,"17.029",False,"Marketing",100054
"1E4YPHFxOl4KJDoPYA0I2","Bonnie","Female","1991-07-02","01:27:00",104897,"5.118",True,"Human Resources",100055
"FBvVV5k0axTR9TJiTxSXC","Margaret","Female","1988-09-10","12:42:00",131604,"7.353",True,"Distribution",100056
"AuDFFtmwcT4HfPbV2TbOL","Charles","Male","2004-09-14","20:13:00",107391,"1.260",True,"Marketing",100057
"Qm6qINZohwtvFstCF359N","Robin","Female","1983-06-04","15:15:00",114797,"5.965",True,"Sales",100058
"cWBTfUMh6ZditycfRqpco","Bonnie","Female","1988-11-13","15:30:00",115814,"4.990",False,"Product",100059
"h3BJUz2L2VEdKcBe2Gt1j","Christopher","Male","2008-03-30","10:52:00",47369,"14.822",False,"Legal",100060
"9SII2DYsSf0uFxmIuAG7g","Steven","Male","1980-03-30","21:20:00",35095,"8.379",True,"Client Services",100061
"f5SSYqjMHia7NTFsm6VCH","Shawn","Male","2005-09-23","02:55:00",148115,"6.539",True,"Finance",100062
"Rqug1kiChK1qz3rKD9tHF","Doris","Female","2004-08-20","05:51:00",83072,"7.511",False,"Finance",100063
"tzYr2qu8ac0lfl7wGGrg7","Jeremy","Male","2008-02-01","08:50:00",100238,"3.887",True,"Client Services",100064
"oMm0Ev0YbZT5stFopOikx","Annie","Female","1993-01-30","02:05:00",144887,"8.276",True,"Sales",100065
"ChyCrwbSGiHZ5BH593e8w","Donna","Female","1991-11-27","13:59:00",64088,"6.155",True,"Legal",100066
"y6k5b3E3mN1iJUaMiNA8X","Janice","Female","2016-03-12","00:40:00",51082,"11.955",False,"Legal",100067
"L4FcWkIO5Zmsk2XW5JTb5","Linda","Female","2000-05-25","17:45:00",119009,"12.506",True,"Business Development",100068
"ZQjZ17yugLcOdMiojHRBE","Harry","Male","1981-08-26","15:16:00",130620,"7.030",False,"Legal",100069
"HvyMIIoBESiJO4YeT0OAR","Heather","Female","1998-07-11","14:17:00",43026,"14.166",False,"Client Services",100070
"tllhGWy3GlQ4Zd228cZcW","Cynthia","Female","1994-03-21","08:34:00",142321,"1.737",False,"Finance",100071
"JBvMKREfhyZJQdiyq5byM","Tina","Female","2016-06-16","19:47:00",100705,"16.961",True,"Marketing",100072
"01IJKrlLscSrrFJpqojxN","Harold","Male","1985-01-02","21:40:00",77544,"12.447",False,"Business Development",100073
"BBoQGeuol16XZPoMGUpN1","Melissa","Female","2005-06-21","06:33:00",48109,"14.995",False,"Finance",100074
"PecJ27J3GhFxUhyyTcvHy","Aaron","Male","2012-02-17","10:20:00",61602,"11.849",True,"Marketing",100075
"RKOhy2ReBLNonM0VV7pAJ","Jack","Male","1997-01-12","05:51:00",103902,"12.159",False,"Client Services",100076
"a6LEUeITJwJD8FNB1hlsX","Phyllis","Female","1996-10-11","21:30:00",136984,"8.932",True,"Finance",100077
"bD7LQn013JCvLhYOx1j5R","John","Male","1989-12-23","07:01:00",80740,"19.305",False,"Marketing",100078
"xNic7gASmPY9GOIFbNbjL","Kathy","Female","1996-03-09","04:33:00",91712,"8.567",False,"Finance",100079
"AJzYl8nz0yYuT77A456be","Paul","Male","1993-08-04","19:25:00",42146,"3.046",False,"Legal",100080
"m5plENHydFUIdeE1khmqt","Steven","Male","2013-04-23","22:12:00",68680,"16.565",False,"Legal",100081
"AVDXEr8h186a5wpHwZ467","Shirley","Female","2001-06-20","22:39:00",147113,"16.135",False,"Legal",100082
"eRH9wcoMROJ2w3wlvMYJq","Bonnie","Female","1999-12-17","15:12:00",42153,"8.454",True,"Business Development",100083
"otIE5pcEbN4potWS6dMpq","Willie","Male","2003-11-27","06:21:00",64363,"4.023",False,"Marketing",100084
"Fhvr29Rfvqa1YozhKuBqb","Tina","Female","2009-06-12","07:16:00",114767,"3.711",True,"Engineering",100085
"R2X0xaG4WlVFMNw5Ynwdr","Ashley","Female","2002-08-04","11:00:00",58698,"6.811",True,"Business Development",100086
"jAC8uHxqsmbOjpZxugf5B","Pamela","Female","1982-07-01","06:51:00",54585,"4.166",False,"Product",100087
"vDfLn1cyJUATfTAnGhr7b","Steven","Male","1995-03-01","15:03:00",109095,"9.494",False,"Finance",100088
"WWqkQ5i4mDhTCV1HGgojF","Andrea","Female","2012-01-12","05:43:00",120204,"9.557",False,"Business Development",100089
"pO493Znss9tfarEj4W2K4","Paul","Male","2008-06-03","15:05:00",41054,"12.299",False,"Marketing",100090
"mQBPrLjVElQ4s0ogPMjQG","Peter","Male","1994-11-17","18:15:00",84885,"15.402",False,"Business Development",100091
"wStC6MyPSZoDlze4DkbiY","Christina","Female","2012-04-13","14:04:00",110169,"13.892",True,"Engineering",100092
"KFadPrt7nAqryH0D1IxJh","Helen","Female","2001-11-29","02:30:00",73789,"14.841",True,"Product",100093
"31JNeGv8BQkPOcdPFh7XW","Marilyn","Female","1983-11-16","08:29:00",76078,"2.401",True,"Product",100094
"9fDupTOUh5zXFADf8ZjRv","Patricia","Female","2003-09-01","06:46:00",49368,"14.226",False,"Human Resources",100095
"XdMxn9ahVZ7MONMJ4Cody","Michelle","Female","1984-03-30","18:43:00",57325,"17.179",True,"Human Resources",100096
"XlRlF3ePmywfj4xynHr7T","William","Male","2002-09-29","16:09:00",66521,"5.830",False,"Human Resources",100097
"KKcleipcDm3fc4vfZi0DV","Kenneth","Male","1987-08-25","21:16:00",127654,"16.439",True,"Client Services",100098
"AKAwsfe4ZaTtVplIE93Pz","Antonio","Male","1988-10-25","13:50:00",60866,"13.101",True,"Business Development",100099
"Xj7IdmGeQ4WTRnVbgpEyX","Shirley","Female","1984-05-01","13:15:00",41334,"6.219",True,"Human Resources",100100
"KFY7nkdkJCZLsJGqyaaZL","Rebecca","Female","1992-07-10","00:23:00",94231,"17.517",False,"Product",100101
"d6NjchUIZHji9ZcZOJe2W","Carlos","Male","1995-01-04","07:02:00",146670,"10.763",False,"Human Resources",100102
"GXN37McYiqdsv0Uyn3taA","Lois","Female","1987-12-25","16:16:00",106317,"2.235",True,"Client Services",100103
"R8325skNVfT26iQ0Y2pYK","Carolyn","Female","2011-04-09","05:38:00",109260,"2.650",True,"Business Development",100104
"y7O5SQXYwOKoGPyK3bfrd","Gloria","Female","2007-06-29","05:34:00",134148,"8.833",True,"Legal",100105
"yVxSnr2WgrZaL0dz7iSfe","Henry","Male","1995-04-24","04:18:00",43542,"19.687",False,"Legal",100106
"9HyDmZh1216OzoaGW8DQw","Adam","Male","2011-05-21","01:45:00",95327,"15.120",False,"Distribution",100107
"crgVGNhNpeEr4nww9TUSU","Ashley","Female","2006-05-25","11:30:00",112238,"6.030",True,"Engineering",100108
"A5jtLKnB7Jg3fwQcapzT5","Shirley","Female","1981-02-28","13:23:00",113850,"1.854",False,"Marketing",100109
"V5VwZiR8Emf7XvpgfiBUF","Adam","Male","1990-12-24","20:57:00",110194,"14.727",True,"Product",100110
"pOe56l8Q59mtmUCyXkFQF","Elizabeth","Female","2003-10-09","17:53:00",146129,"5.687",False,"Finance",100111
"VGz96hZLb6WojuLsa3iyH","Jennifer","Female","2009-04-04","22:47:00",71715,"13.079",True,"Client Services",100112
"scD416OWZrdxGVKCdpkuw","Patricia","Female","1992-11-25","02:24:00",95322,"4.150",False,"Product",100113
"DARmEl3FuN2P1cxqgW0mI","Philip","Male","2008-07-17","13:30:00",89227,"3.996",False,"Legal",100114
"3gXKx5NdFEkqMMuxSaPgX","Sean","Male","1996-05-04","20:59:00",135490,"19.934",False,"Marketing",100115
"T4zvdyjSU9bIs8SYNZFmW","Ruth","Female","1999-08-19","04:03:00",129297,"8.067",True,"Client Services",100116
"sCajGcwoq7g1y0AZISeFB","Rebecca","Female","1980-11-15","04:13:00",85730,"5.359",True,"Product",100117
"tLaCjFjoe8tRhctXcuUuJ","Marie","Female","2003-03-16","00:12:00",104058,"17.695",True,"Business Development",100118
"ea4pkOFkZUo5qErc22naT","Howard","Male","1992-04-27","01:10:00",105062,"1.563",False,"Human Resources",100119
"ohYmwdUsyMMiy8pe02DPv","Norma","Female","1999-02-28","20:45:00",114412,"8.756",True,"Marketing",100120
"fdH3quBu0U7GVh2fMcBGU","Kathy","Female","2000-03-18","19:26:00",149563,"16.991",True,"Finance",100121
"yTgDIx0fAkOPxaeCggB3t","Arthur","Male","1998-04-13","11:28:00",89786,"14.422",True,"Legal",100122
"bBH8TfBND4gRQa812f4zj","Terry","Male","1990-09-03","21:15:00",52226,"19.135",False,"Client Services",100123
"ejtzlac9VpNwxAxKwZqJy","Mary","Female","1999-08-13","01:03:00",134645,"18.197",False,"Business Development",100124
"lzHtvGkvhRz9veCWkMAfM","Christopher","Male","2011-12-24","12:22:00",142178,"17.984",True,"Sales",100125
"dtVWr8fHXlUJr89CCWUgf","Michelle","Female","1996-11-04","21:34:00",53754,"5.455",True,"Product",100126
"L2lABwsgnTNrgEjBiEHA3","Irene","Female","1992-01-29","11:36:00",133772,"19.020",True,"Sales",100127
"k95q2eOy6OqC2YQFI1Qn3","Patrick","Male","2007-08-17","03:16:00",143499,"17.495",True,"Engineering",100128
"hWlZxwyeijxg66AveDHGp","Sara","Female","1991-09-23","18:17:00",97058,"9.402",False,"Finance",100129
"si8hXexWZ33IcWVmNtoq3","Lillian","Female","2008-12-21","18:51:00",85446,"3.959",True,"Engineering",100130
"wf2Pf6502ZalPwPpu51wq","Willie","Male","1998-02-17","20:20:00",146651,"1.451",True,"Engineering",100131
"Ss38qQWP1YqkSBIiasmZV","Victor","Male","2003-01-08","13:02:00",124486,"10.166",False,"Product",100132
"pywqquVEI0NWO0FEXSUce","Wayne","Male","2012-04-07","08:00:00",102652,"14.085",True,"Distribution",100133
"O8Rxbt84gWzUoOgExQGn3","Jane","Female","1997-09-03","02:01:00",144474,"17.648",False,"Product",100134
"n3YNK8lJNQAlIME4luHH8","Jessica","Female","1995-10-23","05:53:00",68759,"19.343",True,"Finance",100135
"soEGghpWBlgftt34bpsAp","Mark","Male","2008-04-12","17:40:00",57286,"5.025",True,"Business Development",100136
"VQ1fSlfdFStoVC9Wshwp2","Randy","Male","1999-11-14","12:12:00",58129,"1.952",True,"Distribution",100137
"0cNQc7vkxYiFiGcgGHggb","Lillian","Female","1999-06-19","16:44:00",123940,"12.184",True,"Business Development",100138
"roBzFTDqce8EZWFIcn12o","Jerry","Male","2003-12-18","06:46:00",140810,"9.177",True,"Client Services",100139
"8IPuDwks5B5NKnT5C40aJ","Sandra","Female","1983-01-19","07:25:00",42090,"8.842",True,"Legal",100140
"QPYEoJc1aTSRYPGyY53KC","Roger","Male","2004-11-19","15:55:00",51430,"6.460",False,"Marketing",100141
"eb4hSeUWQckJzcWVJDGQC","Charles","Male","2000-10-14","21:40:00",71749,"15.931",False,"Legal",100142
"l7O8FqHrrSjrHgYzHLdXa","Clarence","Male","1998-05-02","03:16:00",85700,"1.215",False,"Sales",100143
"u3ZyASBkAmCyJbZgZBqUx","Carol","Female","1996-03-19","03:39:00",57783,"9.129",False,"Finance",100144
"nOE4WQxZEXhPUDYWftoJK","Lois","Female","2013-10-18","16:51:00",36946,"6.652",False,"Engineering",100145
"cyoScC1jsApbJV2Pb2ZLh","Rebecca","Female","1995-02-18","06:50:00",109259,"4.443",True,"Legal",100146
"wAiQHTcLhEX3QQkozQI74","Irene","Female","2004-01-30","20:25:00",131038,"8.996",False,"Distribution",100147
"2yAIUL8mYtaxgaOg4CTIq","Ronald","Male","2014-04-30","14:19:00",121068,"12.757",True,"Product",100148
"nAmAXe1V1NPWRY6GwxRCA","Steven","Male","1985-11-10","10:53:00",62719,"19.127",False,"Client Services",100149
"KI3NbOZdnT9sSMTa8Sj3p","Carolyn","Female","2012-11-06","03:51:00",69268,"3.031",False,"Client Services",100150
"nCNK5F3SjueDWW1r53bXo","Maria","Female","1990-12-27","21:57:00",36067,"9.640",True,"Product",100151
"7KFTttsZmuzcUovTJrYrq","Gary","Male","1987-08-12","00:04:00",89661,"8.525",False,"Finance",100152
"HDQt7sqUNj46fTIPPZCtE","Kimberly","Female","1997-07-15","05:57:00",36643,"7.953",False,"Marketing",100153
"o6tppa6L0n9GB8bipk3IK","Roger","Male","1982-11-08","02:32:00",140558,"5.084",True,"Sales",100154
"BFrMmjMvLOLWTxck5NHYN","Diana","Female","2013-01-04","07:53:00",103521,"2.784",True,"Business Development",100155
"bMxKdRODgvWsb98Gn4d9o","Willie","Male","2006-06-06","09:45:00",55281,"4.935",True,"Marketing",100156
"wzaKongncB8dqrOGEVb66","Brandon","Male","2006-03-27","17:54:00",115711,"8.012",True,"Finance",100157
"vXyF6ZNlXgRI2nPqHN61g","Patricia","Female","2012-12-06","04:01:00",114079,"8.399",True,"Client Services",100158
"6IaGYTIIMt4NZdFpLV3c8","Katherine","Female","1999-11-14","08:15:00",57531,"1.767",False,"Client Services",100159
"CcctOEZkTbc1yvA5FXkAq","Jonathan","Male","1987-10-12","02:59:00",141069,"4.903",False,"Human Resources",100160
"y6NOC5Ekb7LXuLQueHoJy","Emily","Female","2007-09-20","11:25:00",89434,"11.295",False,"Engineering",100161
"o0rLpoTlezQvLFrfz4aeQ","Ruth","Female","1986-08-12","19:29:00",44639,"9.148",True,"Legal",100162
"YpIBMuscYfuM4H7KCjjAY","Linda","Female","2006-06-24","12:04:00",110967,"19.612",True,"Human Resources",100163
"w2QwheN5CjViNLNoAHkid","Lisa","Female","2009-11-02","09:42:00",115387,"1.821",False,"Client Services",100164
"3m0zujMNAdKPmtezmAWp9","Evelyn","Female","1980-05-24","23:10:00",81673,"15.364",True,"Engineering",100165
"5NgUkdebipU118IU9TkIc","Julie","Female","1989-07-23","13:52:00",109588,"3.550",False,"Engineering",100166
"5tMffWWjL6vhwAt3BgJw8","Mary","Female","2009-05-30","23:41:00",92544,"3.800",False,"Client Services",100167
"L9vqKMvpLgfHMFIn9v0Vu","Matthew","Male","2013-07-31","08:04:00",142373,"2.462",False,"Marketing",100168
"VXuIttjiiyYeuxQit2grU","Douglas","Male","1999-09-03","16:00:00",83341,"1.015",True,"Client Services",100169
"Z9zVDB6pwSebMJHHz8Kpk","Billy","Male","1995-03-13","12:05:00",120444,"7.768",True,"Finance",100170
"SLpTY86O2HCs1Ro3lsEFO","Gregory","Male","2000-01-29","06:01:00",109564,"3.845",False,"Legal",100171
"o1x0HYP3rMj0GraHm9a47","Jason","Male","1999-10-17","22:09:00",78417,"3.067",False,"Finance",100172
"zdyzCVrSPd4KPcxwC6xqj","Daniel","Male","2010-04-30","03:48:00",106947,"15.866",True,"Legal",100173
"lepyinnvofC5jAuqsZiU9","Sarah","Female","1995-09-14","07:50:00",87298,"2.311",False,"Distribution",100174
"QxSUNjNMWegl3TLhIIKqr","Harry","Male","2015-10-01","19:47:00",64579,"15.266",True,"Sales",100175
"z9C8RB8BSa7RX3MNbg8zl","Kathy","Female","1995-04-19","00:46:00",50905,"9.404",True,"Finance",100176
"SsP0uK6DToZgZepPhVTWE","Todd","Male","1999-04-13","10:31:00",59728,"11.226",True,"Client Services",100177
"qw3iGStYxkwkLcNrtylJQ","Bobby","Male","1994-09-23","01:29:00",51685,"17.445",True,"Engineering",100178
"3JSHoSlTURvJk8REfPbWu","Jeremy","Male","2000-06-08","00:15:00",49542,"1.679",True,"Distribution",100179
"A2m1i80OKd1wphILRb0xn","Diane","Female","1993-04-18","03:22:00",64084,"17.018",False,"Product",100180
"r6rFWEX1npIqSDemUKw6j","Marilyn","Female","1997-04-04","21:28:00",147663,"10.263",False,"Human Resources",100181
"42DQHK0PnGqiIcmmONXcG","Kathryn","Female","2004-02-04","13:47:00",73935,"14.752",False,"Sales",100182
"2yV9QgPU8nFQrkOtTJFKv","Irene","Female","1982-02-04","17:26:00",40837,"12.182",True,"Client Services",100183
"BPLXdjXTHHJqjt5cLiVaE","Norma","Female","2015-02-11","23:44:00",94393,"3.643",True,"Engineering",100184
"KhBLHMS9SB6OY5ufNicfc","Laura","Female","2006-04-02","13:57:00",42087,"2.624",False,"Product",100185
"ZC7v4PWOcRsJTJC5kjIeh","Cheryl","Female","2008-09-23","02:57:00",52080,"9.375",False,"Legal",100186
"s1uEHkGlT6lADiEhJaFem","Kevin","Male","1982-03-25","07:31:00",35061,"5.128",False,"Legal",100187
"TPwj6jsCucy9Mgy43IxMG","Walter","Male","1983-07-06","23:54:00",127813,"5.961",False,"Finance",100188
"CezZgHd5qMEXmDIdL8iAR","Robert","Male","1990-10-27","19:15:00",38041,"18.428",True,"Engineering",100189
"pu1lk6491dx5pFJH1U4ys","Jimmy","Male","1986-10-07","17:53:00",126310,"5.413",True,"Product",100190
"hXV7QdKkmSKEodVN4ple9","Clarence","Male","1996-10-08","12:53:00",142561,"8.866",False,"Client Services",100191
"mp0bT3JhYjCeCfTS2lRZM","Victor","Male","1991-04-11","07:44:00",70817,"17.138",False,"Engineering",100192
"sz7XfWZwkiqHAmOIYlQy3","Justin","Male","1992-12-06","17:58:00",82782,"4.366",True,"Distribution",100193
"0pV89QJjJN5AaHpZDIzcU","Betty","Female","2002-06-12","03:59:00",104896,"19.550",True,"Business Development",100194
"Ay23AoyGe7kYP1yDqdE5S","Ralph","Male","2004-11-11","01:35:00",71896,"4.232",True,"Marketing",100195
"xdUcSAWygKWFZHWjDmMf4","Edward","Male","1985-05-27","22:13:00",110485,"7.995",False,"Client Services",100196
"2XSuUcAD6oNmwYxuhsmb9","Denise","Female","2009-03-20","07:57:00",115118,"5.108",False,"Human Resources",100197
"3wXvmoGyFHU4PH230Ps7H","Debra","Female","1998-03-13","23:16:00",48696,"4.750",False,"Legal",100198
"bhKDdJYxS7cuipqmmATh3","Henry","Male","1995-02-06","08:34:00",89258,"15.585",True,"Human Resources",100199
"6BDZaDxjGUmTZ2OdgT9rE","Gloria","Female","2007-03-27","01:44:00",90730,"2.491",False,"Distribution",100200
"gQExo59ZnaW2X0y4oMRPw","Marie","Female","1995-08-06","13:58:00",100308,"13.677",False,"Product",100201
"eHhLv3ibqikguinvxVBkU","Anne","Female","1986-07-16","14:08:00",69134,"3.723",True,"Engineering",100202
"MXtUMpOQqK9W35J7svskF","Stephanie","Female","1983-03-24","11:15:00",50141,"13.218",True,"Human Resources",100203
"Tu96LKX3UvmkS41lfRj5M","Roy","Male","2004-09-23","13:31:00",101941,"3.450",False,"Client Services",100204
"0zJtEqWpwp9i9MDta33CK","Irene","Female","1982-03-03","08:26:00",56526,"5.810",True,"Finance",100205
"hnWHPBlxOA9ZV2myKQJTv","Thomas","Male","2011-04-06","13:04:00",103235,"9.554",True,"Human Resources",100206
"j4bnJw1apsLWTCvZxDTAP","Fred","Male","1980-02-20","02:25:00",74129,"18.225",False,"Product",100207
"e9VN3PoWS7vZ6mvGZICY0","Nicholas","Male","1994-04-12","20:21:00",74669,"1.113",True,"Product",100208
"LFdWfW3bkxEYR3vgGdAdV","Howard","Male","1982-10-05","07:22:00",97490,"5.460",True,"Marketing",100209
"mmT1IWpPKOxy5KKxdgTAl","Debra","Female","1994-02-22","22:25:00",104250,"18.456",True,"Business Development",100210
"XcYOx71mjo4ALHFRadDx6","Christine","Female","1989-07-03","04:01:00",94345,"11.996",False,"Finance",100211
"ZtGMVyssOT9GhtCmfeSe8","Betty","Female","2005-06-28","18:03:00",51613,"12.984",False,"Distribution",100212
"DEIY3cB1nWAdRC2qNvdpp","Ruby","Female","2000-11-08","19:35:00",105946,"1.139",False,"Business Development",100213
"XWOQ8uJKzRKghMIbLpR80","Kevin","Male","1997-07-12","02:07:00",46080,"9.635",False,"Business Development",100214
"0pPHUonvP7VURvb5nnrq1","Arthur","Male","2014-01-01","19:46:00",134610,"6.147",True,"Human Resources",100215
"6BYG3D3bgcVXVUnaHiP6b","Todd","Male","2009-03-11","03:43:00",107281,"1.612",True,"Engineering",100216
"k6uLOO5ySmj5bzIxLEdNJ","Brenda","Female","2005-10-06","21:33:00",141521,"4.337",False,"Client Services",100217
"mAJj1imJRaa6x4WR3lwAs","Judy","Female","1997-09-16","00:10:00",65931,"2.304",False,"Human Resources",100218
"rzjEmgju87inMx3ZcnlvP","Todd","Male","1984-02-02","10:13:00",69989,"10.985",True,"Finance",100219
"7tAhHLWbLRqIniEYa25h5","Lois","Female","2011-11-09","07:06:00",147183,"9.999",True,"Client Services",100220
"GT3NWyDjLE4k70Dd4TgTg","Jessica","Female","1985-09-27","13:35:00",75145,"6.388",True,"Legal",100221
"QcjNLhVynHDVvt3gxDMLL","Tammy","Female","1984-11-11","10:30:00",132839,"17.463",True,"Client Services",100222
"mj9wNIIOcqE9fZJvILm4M","Anne","Female","2000-03-07","06:45:00",44537,"18.284",True,"Client Services",100223
"rSSXtti38TcjHxpLbTjaN","Jesse","Male","1999-10-25","15:35:00",118733,"9.653",False,"Marketing",100224
"LlQOOe0zzILFFI8f9zstK","Virginia","Female","1999-10-20","06:23:00",46905,"19.154",False,"Distribution",100225
"3el3KkZv7cojlCli6q5so","Jesse","Male","1981-03-02","19:26:00",79582,"3.873",False,"Legal",100226
"SVelCcJ5l5UPN5gChVm0E","Daniel","Male","2007-09-15","22:16:00",123811,"7.664",True,"Human Resources",100227
"G0WqzBxbp9pLPJXaHdfKQ","Emily","Female","1988-01-13","06:42:00",36711,"19.028",True,"Human Resources",100228
"kLnjRTw726IFpdnyrGm9m","Alan","Male","1988-06-26","03:54:00",111786,"3.592",True,"Engineering",100229
"vncmoXdLVXdsiQcFpaapr","James","Male","2015-07-11","20:52:00",72257,"13.023",False,"Engineering",100230
"kDfIIkPpkJ46vx4CjpN7Z","Adam","Male","2007-07-05","11:59:00",71276,"5.027",True,"Human Resources",100231
"rrW3ev8ylQ5CH7ZUCVQks","Jeremy","Male","1981-08-12","00:05:00",46930,"18.702",True,"Finance",100232
"YxjVnMR8LAsah2Ab3PYT3","Margaret","Female","1993-02-06","13:05:00",125220,"3.733",False,"Marketing",100233
"mSqBz95iEy18iUuBH4sst","Mark","Male","1984-04-01","13:21:00",121477,"17.440",True,"Business Development",100234
"6Tu3P0COdP5hG7Pi0Ce45","Marilyn","Female","1981-09-26","02:23:00",86386,"2.937",False,"Distribution",100235
"MQxhfivayYJcLWCeLYMp8","Cheryl","Female","2009-09-08","10:16:00",81308,"2.196",True,"Legal",100236
"LWP1xwPVrMN5DESwAXvoM","Benjamin","Male","1984-09-11","06:37:00",84810,"15.794",False,"Marketing",100237
"ax41EN3ze0gaBMLfODHgk","Harold","Male","1990-02-20","23:00:00",66775,"2.158",True,"Legal",100238
"BNc6njdRVjRz3x9sJOQ3h","Gerald","Male","2001-04-16","22:09:00",121604,"1.923",True,"Sales",100239
"LTKOTWzxa1mC9ChCGqx5g","Judy","Female","1991-07-01","02:33:00",109510,"13.457",True,"Legal",100240
"xLfufGbpKJUJlEcZozPYn","Marie","Female","2013-10-03","20:05:00",123711,"10.966",False,"Product",100241
"XvTMF65Anqwnwq954MGiW","Kathy","Female","2013-12-18","15:09:00",132381,"8.340",False,"Business Development",100242
"kqfhNiTHN9Ae1it25QiDi","Roy","Male","2006-08-06","07:52:00",148225,"1.841",False,"Finance",100243
"MPTayF8F9X36Rs8TpM9cl","Jacqueline","Female","1981-11-25","15:01:00",145988,"18.243",False,"Marketing",100244
"5V4l3l1Ck7JaZiuVHT3ki","Julie","Female","1986-03-23","09:26:00",56926,"7.507",False,"Sales",100245
"zIfZ4MBy0n54hkiRbFIGE","Douglas","Male","2002-01-08","18:42:00",41428,"14.372",False,"Product",100246
"tjEw7wIthdD02d3vDWF0y","Linda","Female","1990-12-16","02:20:00",115658,"3.041",True,"Sales",100247
"dP0hHkIY9SURGu4xgrAa4","Ruby","Female","1988-12-10","20:27:00",76707,"6.031",False,"Business Development",100248
"KPb8xT9Y5itwaBUbD1zmu","Russell","Male","2005-01-02","01:48:00",60388,"17.885",False,"Client Services",100249
"8DHciLFvfHURCoo9eZ1fx","Jeffrey","Male","1997-06-18","20:01:00",45150,"12.075",True,"Product",100250
"B1Ry3BBZN1EXK4CJ2K0LZ","Aaron","Male","1994-01-29","18:48:00",58755,"5.097",True,"Marketing",100251
"Vmo7ta4PPUh5QDHWijbDx","Samuel","Male","1991-12-19","02:54:00",76076,"5.319",True,"Finance",100252
"AWu7KFmAO8SOGK5o9pRFL","Randy","Male","2014-03-16","18:24:00",135119,"7.887",False,"Client Services",100253
"IwMz6b6li1AREPv8FrD7O","Evelyn","Female","1983-09-03","13:58:00",36759,"17.269",True,"Marketing",100254
"ZABavKiSABzl532QrUUJc","Fred","Male","1987-02-13","14:15:00",121723,"18.645",True,"Product",100255
"pXcK3Fcm3VnOwbvqrJr7Y","Shirley","Female","1986-06-08","02:25:00",110061,"7.494",False,"Client Services",100256
"ezgPUfPcloL1OSqwmRSyG","Todd","Male","2011-05-23","16:14:00",85074,"1.844",False,"Client Services",100257
"KZJqS9S9quaEy3byobHsY","Robert","Male","2014-11-18","05:00:00",85799,"19.930",False,"Finance",100258
"HGzqDJyRNuwInuDcUC0y3","Mark","Male","2007-01-22","14:37:00",75150,"12.182",True,"Legal",100259
"21prpIt0miBrlZgRqeCSY","Earl","Male","2000-01-05","17:46:00",91344,"4.035",True,"Sales",100260
"tcalHAvltbnfEvX5OuIr3","Richard","Male","2005-09-27","01:41:00",86326,"10.717",False,"Product",100261
"7l3vZ0SNkwabQTwxnprRp","Michael","Male","1991-11-22","12:57:00",98753,"16.443",True,"Human Resources",100262
"jM2oMhjUcWYUpOkG5tfvY","Steven","Male","2009-05-12","14:14:00",113060,"2.846",True,"Sales",100263
"U9Q18Ewk4IZi6jAjEywAK","Carlos","Male","2007-09-19","01:01:00",77327,"11.580",True,"Finance",100264
"10IJrjJBg3NDbCyiIDW3P","Marie","Female","2011-10-20","22:09:00",62666,"10.247",False,"Product",100265
"hHf2BvIaO2oYBg0zFXVVO","Ronald","Male","2009-02-24","14:09:00",96633,"4.990",True,"Engineering",100266
"Qqcp7Nly3TfB301y4x5gX","Scott","Male","2009-05-12","04:36:00",58248,"3.914",False,"Business Development",100267
"oyq9ayKEOCI8i1XzLDPGW","Steven","Male","2006-11-21","08:30:00",83706,"6.960",True,"Human Resources",100268
"BYaBV1DYFnZyu1puYa3EA","James","Male","1998-11-22","03:48:00",74086,"5.778",True,"Human Resources",100269
"lyY4CFNNwLUZfbi4o9FUO","Lori","Female","1988-03-31","22:59:00",95389,"14.223",False,"Sales",100270
"rqUJHsFfuUcWVctgO2DM9","Philip","Male","1989-08-02","11:21:00",129968,"19.897",False,"Finance",100271
"yMzsCCANfMmoTzDNjiYkR","Phyllis","Female","2005-11-24","23:57:00",140347,"8.723",False,"Sales",100272
"AsPzBwQrCbqRJoR4VaFMV","Cynthia","Female","2012-12-03","23:03:00",74287,"10.751",False,"Sales",100273
"NzUEyfFk9q5pBg7NE6b8h","Elizabeth","Female","2005-11-10","04:56:00",106406,"1.782",True,"Legal",100274
"dRVw7uZLT6dSkg24YuViT","Andrea","Female","2003-09-14","22:30:00",115913,"12.121",False,"Legal",100275
"dMxxNLvq3h5d0kEhnLq42","Judy","Female","1990-02-01","15:32:00",38092,"5.668",False,"Distribution",100276
"ZEYRA7rv66eaj9JlJhPIP","Russell","Male","2014-08-13","15:51:00",121160,"7.843",False,"Engineering",100277
"BcFoMmsXKqliNgIfZNLqe","Scott","Male","2011-12-17","03:45:00",90429,"4.450",False,"Product",100278
"Xzd0qhaBgpJoZJWagzMQP","Sarah","Female","1994-05-22","07:06:00",64207,"7.824",True,"Client Services",100279
"eycGk6oN5AsYGflvRcGp9","Susan","Female","2004-09-25","01:30:00",80688,"18.892",True,"Sales",100280
"x56QqRm9D6eprPXiG04pP","Margaret","Female","2014-05-05","06:01:00",55044,"4.078",False,"Sales",100281
"d9TILypxctP3BxVMIqOY7","Joshua","Male","2009-11-09","06:32:00",72893,"9.555",False,"Distribution",100282
"ur2DBBEXEK8m9eZssfuKO","Juan","Male","2002-04-16","23:09:00",97364,"3.595",False,"Product",100283
"Efk9aFMFIZbgV0PNCFyq8","Marilyn","Female","1982-12-17","12:10:00",147183,"8.748",False,"Business Development",100284
"dOC0OmL4ECcg659HfvHua","Mary","Female","2009-10-18","18:32:00",87721,"12.484",False,"Product",100285
"s4mj8vZb2A6H70d6SfD40","Linda","Female","2009-07-15","22:12:00",144001,"2.194",False,"Business Development",100286
"HObVEXwdWSr3C4Yi4mCny","Larry","Male","2003-08-27","13:00:00",91133,"5.140",False,"Sales",100287
"6AS0XiTrSZRaoZy9iu29u","Albert","Male","1997-02-01","16:20:00",67827,"19.717",True,"Engineering",100288
"Xj3rBn55GVkFXPfSZLy91","Kenneth","Male","1999-04-13","22:28:00",81839,"12.072",False,"Sales",100289
"ceeL2wLVNzhn9jU8sd174","Brandon","Male","2015-10-16","02:44:00",112548,"4.664",False,"Engineering",100290
"r4kHADrgNQztQVx32Z2Dy","Stephen","Male","1987-04-09","12:47:00",111249,"10.574",True,"Human Resources",100291
"iGX0K1JLMvb0ZAhp0PlBH","Russell","Male","1994-10-30","05:46:00",114334,"9.669",False,"Product",100292
"jkxBNDzv3OO0fyhcuokfE","Scott","Male","1996-08-03","01:50:00",64172,"10.894",True,"Engineering",100293
"amhibJRmEhr5EdWVgQRf0","Carlos","Male","2010-07-28","15:08:00",50167,"2.362",False,"Product",100294
"hW0KzQJknr2NE9JAsBokL","Jack","Male","1980-12-24","22:58:00",106995,"15.723",False,"Product",100295
"VWSBgf0cHunhcK4ywyyOb","Debra","Female","2010-01-19","08:48:00",70492,"8.895",False,"Client Services",100296
"ep9GCX95sutTrNmIXEz4m","Phyllis","Female","1995-01-15","05:27:00",125881,"16.697",False,"Sales",100297
"0nh2lDWuVt0SJoiEi95JW","Robert","Male","1994-10-29","04:26:00",123294,"19.894",False,"Client Services",100298
"VUdsaS02iH0N7Jt8ZF7z9","Gloria","Female","1989-09-19","19:40:00",131045,"11.312",True,"Product",100299
"fDOKP7m4908LGkyE0GyK4","Marilyn","Female","1989-08-15","09:14:00",140502,"9.989",True,"Sales",100300
"fOHTcD6thMGBT9vk2g3fb","Ralph","Male","2010-10-27","10:28:00",106310,"4.030",True,"Client Services",100301
"DzxvY1UuZnMIKLjRq03qR","Robin","Female","1998-01-08","02:12:00",111163,"5.025",True,"Product",100302
"OEzBqfK2sXpfuv353G8tm","Kathy","Female","2001-11-25","21:55:00",93753,"7.094",True,"Sales",100303
"aZWhjkriyla3kTfT9fBwd","Rose","Female","2002-07-06","15:57:00",63494,"19.385",True,"Human Resources",100304
"x5EFEUknRfuecDaefFzPi","Clarence","Male","2005-01-13","09:00:00",116693,"13.835",True,"Distribution",100305
"hKyatY5ty1PPK4xOx2Vrn","Doris","Female","1992-07-29","18:40:00",85215,"7.425",True,"Human Resources",100306
"9e1QzrlRQJ9sqKR1rmi1p","Kathryn","Female","1988-06-09","09:29:00",86439,"7.799",False,"Finance",100307
"3fiRdvM8tx0a5vkfUrqUe","Norma","Female","1996-04-16","05:40:00",38872,"9.302",True,"Business Development",100308
"NvYzmXOxA38LkHbSa89Lt","Craig","Male","1984-02-08","04:45:00",113506,"19.642",False,"Marketing",100309
"Rz4NcSgVdLWTzoffs93gY","Sharon","Female","2014-03-09","16:39:00",91522,"7.564",False,"Finance",100310
"Yx1K3GneKcU50IgupDFmT","Mary","Female","2010-08-22","08:03:00",42214,"17.538",True,"Business Development",100311
"qzEw1qaQnJeaH00YXQP1y","Joe","Male","2010-12-05","16:20:00",144082,"1.620",True,"Client Services",100312
"dpSyaOnxkEXgEZL7D4nu2","Jeremy","Male","1994-05-29","06:24:00",47885,"19.276",True,"Human Resources",100313
"dElJ1K3UvOXOfU1rX6mAW","Ernest","Male","2012-08-14","11:25:00",126232,"6.191",True,"Sales",100314
"DDd1R5uvrR2CYlzrZdCIy","Kevin","Male","1981-06-23","20:26:00",134598,"11.699",False,"Business Development",100315
"FkvzjkHWy02ylCqhE3wtC","Jacqueline","Female","2007-02-11","02:01:00",66604,"14.609",False,"Legal",100316
"4i4C8F59cjcWogdbL4qkH","Johnny","Male","1992-09-14","08:21:00",115194,"5.861",True,"Marketing",100317
"wR4OEYPP4OF8nKd2KAWx9","Gary","Male","2011-08-18","08:12:00",49101,"11.900",True,"Business Development",100318
"sFUm0kSp3Uv6CH26O12HF","Julia","Female","1982-03-02","12:52:00",36403,"2.664",True,"Finance",100319
"uQ4FVqj3GVy4Cxa39e4ZQ","Dorothy","Female","2013-11-05","22:50:00",140136,"3.120",True,"Business Development",100320
"3qoaawUoTLPDEBh5P63p3","Justin","Male","1986-05-22","06:30:00",121508,"19.334",True,"Finance",100321
"3O8z3JshNtTS6q12Iqkd0","Kevin","Male","1986-11-20","18:59:00",79906,"18.021",True,"Sales",100322
"VdgFnTt5Y4CYchqWjMky0","Victor","Male","2005-09-24","12:04:00",123144,"16.261",True,"Product",100323
"ROEBnmNI75wc1PSxJlzGs","Deborah","Female","1980-11-25","04:33:00",46953,"17.436",False,"Client Services",100324
"2vVvJ1JFO4aZAKc5eBfBN","Alice","Female","1986-05-02","01:50:00",51395,"2.378",True,"Finance",100325
"QNQhk2ThFTvrSsiHcz5DM","Todd","Male","2016-03-16","14:45:00",134408,"3.560",True,"Human Resources",100326
"drrOzsuj96lfmTMbvEw7I","Frank","Male","1981-01-10","13:30:00",71853,"8.037",True,"Sales",100327
"x2GFJIn0KvYF4PLJntwlQ","Christopher","Male","1999-05-13","10:48:00",68028,"7.869",True,"Finance",100328
"eXAlTGj6DHcK93hhkrJ5m","Rose","Female","2015-05-28","08:40:00",149903,"5.630",False,"Human Resources",100329
"gVbjvI2iExf2qgCvnmsKz","Andrea","Female","2010-10-01","11:54:00",79123,"19.422",False,"Distribution",100330
"x6UH2lKEavIqHbbrPO0Ie","Charles","Male","1999-12-16","20:28:00",104014,"7.077",False,"Legal",100331
"Y6SEUsBOYQy4cEXBfdNls","Wanda","Female","2008-07-20","13:44:00",65362,"7.132",True,"Legal",100332
"SckRTpPPJHtVPqdY1lQYa","Billy","Male","2006-12-01","15:32:00",144709,"10.069",True,"Distribution",100333
"iM5ZlntGWodADttGC3JC7","Kathryn","Female","2007-08-29","06:10:00",53061,"11.864",True,"Finance",100334
"S2KtpaTVKC1nOSrPMvs8U","Denise","Female","2001-03-18","00:02:00",36697,"11.196",True,"Sales",100335
"yHiciImcF9AHoQOUbbZSz","Nicholas","Male","2013-03-01","21:26:00",101036,"2.826",True,"Human Resources",100336
"vi1ryak5KasBeITH59p2t","Aaron","Male","1990-07-22","14:53:00",52119,"11.343",True,"Client Services",100337
"3ZX7Vi87MAzzoSJPwhhiX","Louise","Female","2003-05-13","09:47:00",46666,"1.886",True,"Business Development",100338
"3bjY9LkTsa24h41NFYA9u","Julie","Female","1998-04-23","05:52:00",73437,"2.518",True,"Finance",100339
"oO1PFBZpz0Bxm0LQzrxsn","Kathy","Female","1987-05-08","18:19:00",86318,"18.492",True,"Sales",100340
"7r0tFbCIBX8VdgjNcVhov","Cheryl","Female","1994-08-16","08:33:00",67150,"15.850",True,"Marketing",100341
"1hVRSWL5cQ9hyeGj559b7","Gregory","Male","2009-05-15","15:52:00",142208,"11.204",True,"Engineering",100342
"JHC6e8seHx9ef71C75vXt","Wayne","Male","1992-01-30","15:01:00",81183,"17.066",False,"Client Services",100343
"9jbF7DadsQjDDU5affyEo","Beverly","Female","2005-11-30","02:57:00",107163,"3.665",True,"Human Resources",100344
"Rbh9ondjztVFVDPW2qJID","Willie","Male","2009-08-22","13:03:00",55038,"19.691",False,"Legal",100345
"IJFR4nQ2KUiNT1g6PVCJo","Scott","Male","2012-11-17","14:47:00",146812,"1.965",True,"Marketing",100346
"pqNR9QZJvzxkBkUw2uJm0","Annie","Female","1994-12-19","06:19:00",40119,"4.338",True,"Human Resources",100347
"72oZCmOHo2LXfudNjCq9v","Ruth","Female","2000-10-24","04:13:00",69579,"18.029",True,"Human Resources",100348
"Ms59oxNRYyXgMOqK5MYMP","Patricia","Female","2015-01-09","04:16:00",121232,"16.624",False,"Legal",100349
"kVFEJEUgYHUY1NcuKbTvb","Albert","Male","2007-09-30","17:34:00",102626,"15.843",False,"Finance",100350
"NLgOiztu6nZcCXZV0ALzx","Tina","Female","2005-01-17","09:11:00",88276,"14.248",False,"Legal",100351
"X2Q5722YIk5iqBskvC776","Jeremy","Male","2001-08-09","03:56:00",43354,"13.946",False,"Marketing",100352
"8FTDiofOv9npMbWcDn7Hj","Craig","Male","1996-04-14","09:17:00",125556,"7.996",False,"Engineering",100353
"IfJtxDrqGigBX8HWx0eCK","Jose","Male","2002-07-11","09:15:00",59862,"3.269",False,"Product",100354
"mPBMRHoEmCUCqb0FoLIs5","Lawrence","Male","2005-05-13","01:25:00",74640,"18.641",False,"Marketing",100355
"w6N8fQ2nxfx4fWmutePty","Helen","Female","1997-10-31","02:43:00",52875,"4.188",False,"Legal",100356
"JPLCx0XvWIFqdEuEO7rmR","Walter","Male","2007-08-04","13:59:00",58789,"5.461",False,"Sales",100357
"WYureFc3LtU8GiAgGENYl","Amy","Female","2002-06-19","03:06:00",122897,"8.222",True,"Engineering",100358
"BzUQiDsOMhRdEFROezrT6","Janice","Female","1997-06-28","13:48:00",136032,"10.696",True,"Marketing",100359
"AY1jkg8cgpV7jywP1WZWb","Stephen","Male","2015-05-09","19:07:00",141958,"9.078",True,"Legal",100360
"Q1G3TSlIUe9DmvWmMvaGW","Ryan","Male","1993-07-20","22:18:00",139917,"11.466",False,"Distribution",100361
"TWenK3ErHDftu0Jq25a7q","Sharon","Female","2002-03-12","06:32:00",147635,"14.693",False,"Human Resources",100362
"09TyXzoQJaxhHksLfNvvT","Joshua","Male","1984-07-10","19:22:00",68230,"8.047",False,"Client Services",100363
"RXtn4u8AoScUvS6TJzSOX","Clarence","Male","1992-08-20","20:23:00",124365,"8.457",False,"Business Development",100364
"16nja9t9sP7HR3kiWeOam","Jonathan","Male","2002-08-15","00:01:00",104749,"11.364",False,"Engineering",100365
"xuTf60fjE79EgZp3fzm1P","Stephanie","Female","1992-11-26","00:54:00",122121,"7.937",True,"Engineering",100366
"8yikUvBPegiCvLOeZrl8M","Kathy","Female","1996-10-25","12:59:00",143541,"8.461",False,"Human Resources",100367
"bjoPyReqP7TZd7hSytjLX","Albert","Male","2008-08-14","17:43:00",137840,"9.705",False,"Business Development",100368
"BIiChJmL5naNbSXG7iv3T","Michael","Male","2011-05-22","10:42:00",73354,"18.357",False,"Business Development",100369
"bUxfakmU6kZJyh4Ich8ox","Amy","Female","2008-03-30","22:54:00",106249,"15.967",False,"Sales",100370
"B9tn2K38ZN2DlBXeKqzAD","Joe","Male","2000-04-14","15:14:00",50645,"11.119",False,"Marketing",100371
"Fa6PY5P8fobpSaUDIsrBS","Ashley","Female","1997-08-15","21:48:00",142415,"1.985",True,"Finance",100372
"3TNFzlMcA1CtGneayJKlQ","Howard","Male","2012-04-09","06:36:00",37984,"2.021",False,"Distribution",100373
"qNMZzQHD7nBCGVRttfFQ1","Cheryl","Female","2014-12-03","09:27:00",71751,"15.918",False,"Business Development",100374
"egb2UoM2fkz22OQudOdUH","Robert","Male","2007-03-11","11:20:00",135882,"19.944",False,"Legal",100375
"CN5dAMSft0vFbAxiEksl6","Sharon","Female","2011-07-01","09:50:00",46007,"19.731",True,"Client Services",100376
"NcoQSjhLsJPrgnE8TW4KW","Judith","Female","2007-11-23","13:22:00",117055,"7.461",False,"Marketing",100377
"xJWKQAZ2xDxOubRr1VSnU","Jerry","Male","1995-01-30","19:51:00",121357,"18.845",False,"Business Development",100378
"gO3rCd9XtS19ZEbpOBCps","Craig","Male","2005-11-01","23:31:00",44857,"13.266",False,"Finance",100379
"RUKAwH9asJzjqbF0JmF78","Barbara","Female","2002-03-21","08:02:00",47322,"7.250",True,"Sales",100380
"PKkmDaec0WvVLxNuFzXaI","Eugene","Male","1984-05-24","10:54:00",81077,"2.117",False,"Sales",100381
"JyvyHp8sRbqavWZ6vDDrq","Johnny","Male","2016-02-26","19:39:00",76394,"5.437",True,"Marketing",100382
"DPE1xW46FOLFJL6ne4He5","Benjamin","Male","2013-05-05","15:28:00",114356,"7.123",False,"Client Services",100383
"RmMIK8imH2pRvqijZ8oyh","Diana","Female","1994-06-13","16:21:00",41831,"4.548",False,"Business Development",100384
"jOcsmysaum6q6XgSCe4T4","Christine","Female","2003-02-01","13:11:00",72613,"11.126",False,"Legal",100385
"Eun4pDz8qYLk3954r2gxD","Sean","Male","2013-02-11","19:07:00",42748,"9.765",False,"Distribution",100386
"AKYgSoQNiU0QsrVd8NibA","Sarah","Female","1980-11-03","14:47:00",37259,"1.763",False,"Client Services",100387
"X9O6U21icRZHGTEUZHRDG","Roger","Male","2015-08-03","16:56:00",125033,"4.887",True,"Marketing",100388
"ezhcsg1NnR47Hv4Q7EsNl","Donald","Male","1995-07-14","07:51:00",106472,"6.499",True,"Client Services",100389
"FCLH7ivV3nd9hNjCjeaf5","Clarence","Male","2015-11-03","00:11:00",103684,"18.654",True,"Engineering",100390
"CsXg4vwo7p46QbCv5cIoA","Scott","Male","1996-11-23","19:36:00",96111,"15.592",False,"Human Resources",100391
"Metf2YW0iAyQg0Gv8xj1z","Ann","Female","1984-11-04","12:17:00",90719,"6.220",False,"Business Development",100392
"Q6KZijP7XcY8CjpthWINb","Frank","Male","2003-04-27","12:04:00",140303,"17.070",False,"Legal",100393
"8XMPDmTzc27BOCHGl3u7h","Joe","Male","1983-07-04","07:32:00",62161,"8.130",True,"Business Development",100394
"nvBs9Uoh0YuIEOMKAbTHh","Larry","Male","1999-01-08","02:05:00",97370,"10.458",False,"Sales",100395
"lXmf2m2QZv0tvSzcbHWjQ","Gloria","Female","1992-04-12","20:26:00",66224,"15.979",True,"Legal",100396
"avx0Mlr6Dg5WwSVkVhRbE","Ruth","Female","1996-12-12","10:07:00",97915,"3.997",True,"Human Resources",100397
"1KwFEa0vcGl0upl3Ommeg","Diana","Female","1995-01-19","00:37:00",86883,"18.003",True,"Product",100398
"9UmpdPoPJ2Mx8bwiwhIkE","Raymond","Male","2009-02-16","22:38:00",37812,"3.178",False,"Human Resources",100399
"xsgBhe7q5Mas4aie0uEuY","Catherine","Female","2013-08-31","19:24:00",58047,"14.858",True,"Distribution",100400
"6JJeCpasZqhtrEaMVBTQR","Diane","Female","1982-07-05","16:56:00",124889,"15.026",True,"Sales",100401
"zRgLMGHTc9N3XQSVtXztv","Steve","Male","1995-08-22","06:58:00",67780,"9.540",True,"Human Resources",100402
"CHW0fjOCCRbQNz0fmR8of","Barbara","Female","2004-03-22","08:11:00",144677,"8.696",False,"Finance",100403
"fjgXT66JsLmOe4GWPO4Xj","Christopher","Male","2014-04-23","07:52:00",82401,"7.252",False,"Client Services",100404
"l9gpCEAXw6twTuCq0ss6l","Kathleen","Female","2014-06-13","09:16:00",35575,"14.595",False,"Distribution",100405
"nsLahbhRPA0qwnuk5aOCC","Virginia","Female","2010-05-02","21:10:00",123649,"10.154",True,"Marketing",100406
"QaWQXFtMAL2xQkzH8Zl3v","Lisa","Female","2005-02-26","18:33:00",38078,"10.280",True,"Product",100407
"HtsC9T7B435hddkE0rfUl","Earl","Male","2014-02-11","21:03:00",52620,"13.773",False,"Product",100408
"PLSfCVHiDWyfGTuRl1bJu","Louise","Female","1981-09-18","05:47:00",91462,"8.205",False,"Marketing",100409
"AXAKVK9iPtSK5qZuw2fAd","Clarence","Male","1982-08-26","09:47:00",146589,"4.905",True,"Business Development",100410
"1xzBML18U7VAP6LOURGlB","Cynthia","Female","1991-09-14","13:08:00",51633,"13.472",True,"Business Development",100411
"UettzoN7K9y00otGcV6Tm","Adam","Male","2010-10-08","21:53:00",45181,"3.491",False,"Human Resources",100412
"2OyDJPhOd8NddrqkGEJzf","Justin","Male","1999-09-06","10:30:00",62454,"3.459",True,"Sales",100413
"4kefWM0DyEPYrvun8pUKQ","Ruby","Female","1999-05-01","03:36:00",147362,"7.851",True,"Engineering",100414
"ZNFa7pn65NQVwJwwg22lp","Amanda","Female","2004-08-01","13:32:00",80803,"14.077",True,"Distribution",100415
"tbAdoggpj9unq8qpDz8an","Anna","Female","2008-04-15","14:34:00",117293,"2.366",False,"Client Services",100416
"bWIUHLJXkbI7efPlIjjNk","Roger","Male","2010-07-03","17:11:00",105689,"13.320",True,"Marketing",100417
"dngbhiiUMbiPtvjYi8Lbm","Joseph","Male","1992-09-10","18:50:00",102555,"3.672",True,"Product",100418
"iVQVrOGBnzzieJgZCmEv3","Evelyn","Female","1998-09-22","19:55:00",51525,"10.366",False,"Finance",100419
"WsT4PVihTUQ2Gs6vmuAHA","Janice","Female","1984-01-02","21:06:00",41190,"3.311",True,"Sales",100420
"48GUK0pzdYlfnKmTzDw2X","Sara","Female","1980-02-25","22:50:00",75484,"3.186",False,"Finance",100421
"8tutTmnLpZjx2lYgE4KO6","Gregory","Male","1984-06-18","03:46:00",82726,"16.304",True,"Marketing",100422
"PqhH4MaPCJg86XaCDwKll","Philip","Male","1985-07-18","06:36:00",122319,"19.122",False,"Engineering",100423
"zGr1KWtdq00k2GKuQvYjJ","Barbara","Female","1991-09-02","15:41:00",127297,"11.905",True,"Product",100424
"dQhic1XMVKoBJDblzyNE4","Amanda","Female","2002-06-07","07:46:00",109290,"13.853",False,"Engineering",100425
"B1qDrkkuGpA8U4jHUeR28","Anne","Female","1996-10-26","20:09:00",71930,"18.451",True,"Product",100426
"ZJtrQtNyDCsKVZYx65wqO","Arthur","Male","2014-12-16","16:56:00",66819,"6.639",True,"Marketing",100427
"YI8xlhHankNrnjZWRdTO0","Jane","Female","1994-06-01","08:39:00",42424,"18.115",False,"Distribution",100428
"tPDKhVkrYsVRt8JOWk342","Linda","Female","1985-08-18","04:34:00",51431,"13.295",False,"Engineering",100429
"JY05QsanEtFfs9DoppnAj","Ashley","Female","1999-11-17","21:18:00",120675,"6.510",False,"Human Resources",100430
"AEeX1J2WHUiDrwD2dgNtA","Shawn","Male","2009-12-03","10:24:00",96610,"2.097",True,"Client Services",100431
"E5mP3hkHVTZDPNS2OdPsZ","Kathleen","Female","1996-09-20","15:45:00",71430,"8.572",False,"Engineering",100432
"ChvrzgtwE9BluwgH5nSSb","Randy","Male","2002-05-02","19:39:00",86723,"14.842",False,"Engineering",100433
"AA1GIEbZWpe7Wqch1z7Q1","Andrew","Male","1985-03-29","18:57:00",43414,"7.563",True,"Client Services",100434
"Jf3idXkmX3f1W8JMh3C8e","Marilyn","Female","2006-08-09","11:24:00",87145,"17.330",False,"Human Resources",100435
"QVo6iv9lXoxIIxdP6Rgg9","Johnny","Male","1995-01-08","13:35:00",91124,"12.986",True,"Distribution",100436
"S0ocuwBsrqLeGbHhL4lso","Susan","Female","1986-04-18","09:31:00",90829,"19.142",False,"Marketing",100437
"xAWJ0lQAwhzdVq5DAj4DY","Ruby","Female","1980-07-07","03:42:00",101262,"6.773",False,"Client Services",100438
"tQXSMdZTphUUAsRTvnxQB","Kelly","Female","1996-08-16","03:09:00",41427,"1.431",False,"Product",100439
"eN2CTI5u5K2cGQ1g0cyCQ","Jonathan","Male","1995-04-06","22:38:00",56993,"18.623",False,"Marketing",100440
"5rcMHrP1my1ywcIc6m94k","Raymond","Male","1996-01-13","16:14:00",114244,"16.690",False,"Human Resources",100441
"BaQsdngom6G7QSASiA7R9","John","Male","1995-01-22","00:17:00",66077,"5.809",True,"Product",100442
"OrMle4iX36c6HEl2QlnC8","Michael","Male","1993-07-30","17:35:00",35013,"14.879",False,"Product",100443
"hqsDMR9fvJ68I1J0cavzZ","Jerry","Male","2003-05-04","04:29:00",98393,"11.393",False,"Client Services",100444
"4AS0LE5gP7dtv7xgUz07I","Amanda","Female","1982-03-17","23:46:00",107111,"1.438",True,"Product",100445
"5ooEU7SjuLks95wHTJWsF","Harold","Male","2010-10-18","20:45:00",65673,"1.187",True,"Legal",100446
"yfhbvERglbgcQ8l7kT2ng","Ernest","Male","1990-01-28","00:08:00",81919,"15.118",False,"Marketing",100447
"58RaabXcnS4yaCyAX0hOE","Harry","Male","1982-11-19","11:25:00",59277,"10.200",False,"Finance",100448
"cUndpahOXFFgJ4vdKbafj","Diane","Female","1988-02-02","18:14:00",49501,"13.506",False,"Business Development",100449
"HZncsa74WcVkYpFeMYNH3","Jack","Male","2012-05-30","03:17:00",70367,"18.266",True,"Legal",100450
"QRxhedcoZiVk3g85rG4KF","Shirley","Female","1988-04-16","11:09:00",132156,"2.754",False,"Marketing",100451
"uWHHFgVYFT7IDLxVp4VZx","Rose","Female","2004-10-30","16:34:00",56961,"7.585",False,"Marketing",100452
"RRUnZhNW10pewz6LGtrrU","Cheryl","Female","1982-07-23","06:28:00",98841,"8.945",True,"Client Services",100453
"vLEl4XGRgl1X5RT0AqFxd","Cynthia","Female","1980-05-23","03:19:00",78226,"2.419",False,"Human Resources",100454
"YNx3rdEtj0nHIghgPGw3A","Sandra","Female","1995-04-24","19:14:00",116931,"9.657",True,"Human Resources",100455
"y5N1tlOSGco0Hv0htUf0T","Andrea","Female","1994-10-30","11:23:00",87575,"13.346",True,"Business Development",100456
"GB91EARdZw3uxe0illSpK","Rachel","Female","1988-04-22","12:01:00",110924,"7.808",False,"Distribution",100457
"ZGcB71AU5HyzD6RcqzWFI","Justin","Male","1981-05-24","23:15:00",78351,"15.221",False,"Sales",100458
"oj6pe8hURttZdZevwcQnK","Marie","Female","2000-11-23","05:06:00",125574,"4.644",False,"Sales",100459
"lPWGGdZbfxJt0aSSrd8fS","Louis","Male","2011-04-15","05:02:00",95198,"2.075",False,"Business Development",100460
"RKiN3kzasKdRgb0LCrLSY","Nancy","Female","1985-05-07","22:20:00",121006,"3.512",True,"Finance",100461
"mprr1yOUHjoNdBq1MjLVi","Mark","Male","1984-10-03","05:31:00",95728,"6.752",True,"Business Development",100462
"uYTHimyONjAEhex8bU53y","Teresa","Female","1987-06-24","19:37:00",69740,"8.294",False,"Distribution",100463
"kzkCZMZWnCyvDkkQORpz8","Frances","Female","2001-07-21","02:34:00",91996,"11.506",False,"Product",100464
"mBufXQfY1RdgUqMXLDjM3","Bruce","Male","2013-03-15","23:13:00",141335,"15.427",True,"Engineering",100465
"yKM7eV16ZtYY5JcwplTjt","Rose","Female","1982-05-20","09:14:00",97691,"2.142",False,"Client Services",100466
"FDC2VT7qB1bxeWDuFOo3N","Mildred","Female","1981-02-21","03:30:00",47266,"10.256",False,"Client Services",100467
"34kVhGQvnsbXKFyu3qIkO","Todd","Male","2010-02-16","11:29:00",103405,"15.910",False,"Sales",100468
"Bxzf7BZ24WX5f4eWwy7So","Alan","Male","2012-02-17","00:26:00",41453,"10.084",False,"Product",100469
"6k74la0ZU47oVHlJXnqZt","Eric","Male","2004-11-12","21:16:00",65168,"11.513",False,"Distribution",100470
"ploA1UbNQIRoKzQUc1s19","Edward","Male","2001-08-30","01:24:00",73105,"6.083",True,"Engineering",100471
"rBYXIljIQd5udX3qhqP10","Kimberly","Female","1986-12-06","14:23:00",37916,"12.929",True,"Distribution",100472
"zO60xhVf2uoQYNOH2E18K","Kathy","Female","2001-01-14","05:11:00",45682,"1.451",True,"Marketing",100473
"kYw1nPpLxvWFqOIBb8rGx","Peter","Male","1992-11-24","17:43:00",69297,"1.268",False,"Finance",100474
"I25NEUtm2HKedwiTcgawP","Beverly","Female","1990-10-22","14:45:00",59070,"19.064",True,"Engineering",100475
"jUPkRnxB74kDi4mfboNxV","Ralph","Male","2012-03-07","02:25:00",81215,"8.400",False,"Finance",100476
"VJUzr01dMAzH1o1CDXLdu","Justin","Male","1997-08-10","23:00:00",128036,"18.824",False,"Client Services",100477
"7t1UhStlbhVhBtg4fLdk7","Irene","Female","2005-06-23","11:03:00",89780,"8.999",True,"Sales",100478
"bt8KfrSNOZXlSs8k9Jcle","Irene","Female","2006-11-29","14:14:00",125018,"9.601",True,"Legal",100479
"KwL0tA5pWOmzyPfUDPz7w","Jeremy","Male","1997-11-26","08:22:00",133033,"12.200",False,"Sales",100480
"J146TiPyNehUgnlbEV4Mj","Cynthia","Female","2015-06-29","06:38:00",82408,"8.701",True,"Marketing",100481
"GoCo3EjduZdlZq9q3t0bP","Anne","Female","1984-11-21","12:30:00",128305,"16.636",False,"Marketing",100482
"dylzYnExA6lPZ8zzrQOog","Debra","Female","1983-03-12","12:19:00",74911,"19.513",False,"Marketing",100483
"fBHDK1XG1mRtIHR7rg8DV","Michael","Male","1988-07-13","13:48:00",47079,"2.617",False,"Legal",100484
"3upWDmCogVKICVZpctKmm","Rebecca","Female","1990-02-23","15:21:00",134673,"6.878",False,"Engineering",100485
"JA0Sy9MPa4dKx0ntOF1Kl","Andrea","Female","2011-11-17","14:37:00",123591,"6.500",True,"Engineering",100486
"LQbT49EynAox69bXmDsjS","Marilyn","Female","1984-07-02","16:06:00",92430,"2.924",False,"Engineering",100487
"7zfyaqDeiGlVYie8V3oia","Wayne","Male","2009-09-02","01:37:00",126956,"18.396",False,"Human Resources",100488
"9ucUYH6w1IFRoYOqL8bmg","Frances","Female","1996-11-12","18:08:00",112467,"1.433",False,"Business Development",100489
"ORMKqx00YjlLR2z04rY4X","Kathleen","Female","2004-08-28","10:49:00",42553,"3.756",True,"Distribution",100490
"AgpIMYhinZlJqIUm4tjaZ","Amanda","Female","1995-01-25","05:06:00",102081,"5.203",False,"Sales",100491
"YRmXNz33RbEyKyo9uaFmS","Shawn","Male","1987-09-29","22:11:00",71975,"9.770",False,"Human Resources",100492
"p9ScsjMD3lIbhMAMLRAkB","Katherine","Female","1996-08-13","00:21:00",149908,"18.912",False,"Finance",100493
"VEu84i7B6bNNXjFbri7Lh","Elizabeth","Female","2010-02-21","07:02:00",79145,"19.780",False,"Finance",100494
"2JXsCnpn9gA5LM9QMnIAI","Gregory","Male","1999-11-15","17:22:00",128031,"15.857",True,"Business Development",100495
"iHhWBVK8gL2j4UxYe17dh","Ruth","Female","2004-02-17","05:38:00",59969,"14.064",True,"Finance",100496
"64FKyg553YnZsMYBtF9CK","Cynthia","Female","1986-07-05","01:24:00",35381,"11.749",False,"Finance",100497
"j36ZWjxaKu35kwXYrw9Ca","Deborah","Female","1985-11-21","13:40:00",113129,"17.371",False,"Client Services",100498
"RjIVhzg8j3HFxvHUpX9tI","Willie","Male","2009-12-05","05:39:00",141932,"1.017",True,"Engineering",100499
"gRTIrMDjSAZQ8A68tTPxv","Debra","Female","2006-05-28","06:51:00",42296,"16.922",False,"Product",100500
"OC2sYApSRn9uDxv2pS8GD","Carl","Male","1984-12-14","20:49:00",63395,"11.411",False,"Legal",100501
"YKZAsYhOTOnz3yQmQ3U1U","Walter","Male","2007-09-24","23:16:00",125382,"13.613",True,"Client Services",100502
"lxkQOWb4DKeaASP3mq47Y","Lisa","Female","1982-02-09","18:44:00",113592,"17.108",True,"Marketing",100503
"aLuK77qMLIZ7dy7FVKBnE","Rebecca","Female","2000-03-05","10:33:00",46750,"11.367",True,"Sales",100504
"qnfhTPcrpyhAEhVPBe9x3","Jessica","Female","1986-10-19","21:58:00",90285,"13.591",True,"Client Services",100505
"Dv3PyRrsMHzy7kszU13CI","Craig","Male","1995-08-21","02:38:00",123876,"4.225",False,"Engineering",100506
"OXHrNA9qKRANpKhbEQtQb","Katherine","Female","2000-12-19","01:40:00",41643,"4.659",True,"Distribution",100507
"CIP8ZXFlfMTCxsapqkpht","Andrea","Female","1989-08-31","23:10:00",113760,"12.866",True,"Distribution",100508
"6k4aDHSCktZVBTq6Ktmil","Timothy","Male","2010-10-06","22:49:00",49473,"12.463",False,"Legal",100509
"x1k9RqWAkgWGKCLfIFyAb","Anthony","Male","2013-02-13","13:35:00",146141,"3.645",True,"Distribution",100510
"feLBXrswaW1n2hkIUGLEc","James","Male","2001-12-05","07:06:00",67789,"17.105",True,"Legal",100511
"VG9SWjy2aKDDBj2Iq3YvF","Martha","Female","2001-09-14","03:22:00",135758,"14.782",True,"Client Services",100512
"OtEIMbGEDP13gDbKgGeHK","Laura","Female","2000-07-12","18:07:00",84672,"3.960",False,"Distribution",100513
"3NalQqGI11DlQQrQsfacF","Robert","Male","1982-11-05","12:41:00",111580,"10.982",False,"Human Resources",100514
"UXs5Uf9dZiU7bXxP9RKka","Ralph","Male","1996-03-24","11:54:00",50455,"16.248",False,"Business Development",100515
"4JsuSXgl7dMU973pYioBF","Diane","Female","2009-10-30","18:56:00",130577,"12.791",False,"Marketing",100516
"vdHsLcOlnZ5wNGj7ocbNh","Annie","Female","1992-06-06","10:04:00",138925,"9.801",True,"Marketing",100517
"bo47UBNAQjywFCv222Iut","Jacqueline","Female","1994-09-20","18:07:00",62371,"15.770",True,"Client Services",100518
"hw7jPZYPuQWdlHq49p19H","Brenda","Female","1984-04-17","07:12:00",87715,"2.675",False,"Product",100519
"GYHbif4Wsxt8cwwIUvmVV","Lori","Female","2002-09-11","07:36:00",66029,"3.345",True,"Client Services",100520
"bXCCwKQJSneJW7Iar6sr2","Albert","Male","1992-06-17","03:25:00",86818,"14.301",True,"Engineering",100521
"u5hlRmw6BLZQ9IaK3Ox9F","Frank","Male","2002-11-23","18:10:00",75147,"17.398",False,"Product",100522
"MGIRVoNTfDlnZQNL8u4Ql","Deborah","Female","2000-04-23","18:55:00",105573,"5.268",True,"Product",100523
"a20f6p8fg2nYvmxVhItdY","Brian","Male","2007-04-07","22:47:00",93901,"17.821",True,"Legal",100524
"0wkskSrDUb9316i13WciP","Bruce","Male","2007-01-28","23:10:00",134988,"13.926",True,"Sales",100525
"p6KBA9Rbju2CXPDYnOLB7","Joan","Female","2007-10-02","02:53:00",120941,"3.694",True,"Finance",100526
"UWr902E5ZiUHDrYAseCaX","Harold","Male","2007-05-15","18:37:00",118753,"8.162",False,"Sales",100527
"Luew1MlDMt18V0iSVFttz","Alice","Female","1995-10-16","21:19:00",92799,"2.782",False,"Sales",100528
"532pawh4Sl6YXplzbSX4b","Barbara","Female","2011-11-12","00:35:00",85718,"13.326",False,"Client Services",100529
"LPH2Yh8ms9JzSTPBKIdNd","Sarah","Female","1999-04-06","11:17:00",109517,"5.146",False,"Human Resources",100530
"mq6zG1RFDMzdsFl1SLIFz","Samuel","Male","2012-05-25","16:40:00",85550,"11.593",True,"Marketing",100531
"e8yHMe6En71zWWx0ob0GD","Frank","Male","2009-03-02","21:15:00",78891,"7.927",True,"Distribution",100532
"3lrSllAZJwdkxRQHDFjLY","Debra","Female","2011-03-17","13:12:00",84693,"6.976",True,"Finance",100533
"bu6hMGDDecrZ6QXW7kzZt","Thomas","Male","1991-09-07","09:51:00",65251,"11.211",False,"Distribution",100534
"4oyG828cTLiU21sNi22cT","Harry","Male","2015-09-23","01:36:00",129148,"15.193",True,"Engineering",100535
"qefnObtJBcFVq4FKQvHlt","Patricia","Female","1998-03-07","01:10:00",75825,"7.839",False,"Engineering",100536
"g2pt6grjW7zs03Ym32hgv","Steve","Male","2002-01-11","21:17:00",51821,"1.197",True,"Legal",100537
"Oq5GkYDteJYYFRRZoZgfO","Edward","Male","1997-11-27","01:00:00",58327,"17.095",True,"Finance",100538
"c9akSLKrZHkxFp1Yn6Lkz","Karen","Female","2014-01-09","22:09:00",46478,"16.552",False,"Engineering",100539
"MRGvUAquJPbkKU9sUfLvd","Ann","Female","1994-09-28","05:44:00",79796,"9.851",False,"Distribution",100540
"FwCJLj8gHfqthIyPDWoDs","Jonathan","Male","1984-07-30","18:02:00",83809,"12.922",False,"Distribution",100541
"mqBmmm4qXh4wDc9rAomkO","Peter","Male","1982-03-22","07:28:00",77933,"13.132",True,"Engineering",100542
"ejOHP02voyIeuGWNYsmyO","Eric","Male","1993-06-15","03:56:00",51070,"13.806",True,"Business Development",100543
"uXobWoYo583C2pLRPgZNR","Terry","Male","2010-10-21","23:18:00",58357,"7.969",False,"Engineering",100544
"zdmUQUsfRKe8jQe6nnvTg","John","Male","1999-01-29","03:07:00",67165,"13.001",False,"Engineering",100545
"U7xYCAuu0P0tTQW6MFZAc","Marie","Female","1983-04-08","14:01:00",145988,"18.685",True,"Human Resources",100546
"SA4ufxQOIAlKbQ9kXOQva","Harold","Male","2010-04-16","05:13:00",147417,"11.626",True,"Business Development",100547
"n2bnAldngRDQ48MDcNk00","Joshua","Male","1997-06-27","15:23:00",95003,"5.197",True,"Marketing",100548
"qoFN2eYM17TKmw77PANzO","Andrea","Female","2001-12-10","06:40:00",37888,"13.470",False,"Engineering",100549
"RvAYO0iYeOVaqSO1PrDx1","Jeremy","Male","1991-05-19","13:40:00",131513,"1.876",True,"Finance",100550
"7LaddcfgdsvKZ74dieklc","Roy","Male","2004-05-10","13:22:00",46875,"12.942",True,"Sales",100551
"6YKVCXz0f7d0sN3eStRcO","Dorothy","Female","2008-10-08","00:22:00",82744,"19.111",True,"Client Services",100552
"ItIKc88L0Lh4iUp9BoGPg","Steven","Male","1986-09-07","00:32:00",43252,"18.892",False,"Client Services",100553
"WJxKH4dVRtXaDvU3VwNUy","Nicole","Female","2009-04-26","00:40:00",66047,"18.674",True,"Marketing",100554
"Z2x7mzZrsDTv2sif988P5","Ann","Female","2001-07-16","09:27:00",118431,"12.772",True,"Finance",100555
"sCntItdwXAJdrDNPX8iNF","Henry","Male","1986-05-12","02:04:00",59943,"1.432",False,"Finance",100556
"hgbVDTCkkiBPV15FRlOBp","Barbara","Female","2002-11-26","05:32:00",82884,"6.837",True,"Business Development",100557
"eb4a63bB6uYKPi70nM7eH","Judy","Female","2011-04-05","01:44:00",48668,"11.716",True,"Product",100558
"bAV36GXzUeq3ImyysVSZX","Lawrence","Male","2011-07-23","03:41:00",122971,"14.618",False,"Product",100559
"9sYTtQes4IWLBJvxUvcYC","Joseph","Male","2010-10-10","23:12:00",107050,"12.737",False,"Business Development",100560
"K55bq4fgyFVXLgyXTQtPn","Carlos","Male","1981-01-25","10:00:00",138598,"14.737",False,"Sales",100561
"ihaC5i77I8yXawglRfnUn","Jane","Female","1999-07-10","19:02:00",128540,"15.941",False,"Legal",100562
"XJoU4GIlstocpXNF9YyYH","Martin","Male","2016-02-25","18:29:00",61117,"2.844",False,"Client Services",100563
"tctSCPCvkeKFtYZr9pB4z","Steven","Male","1980-05-30","20:25:00",100949,"13.813",True,"Human Resources",100564
"tpphkJVEdidvHClIGK58Q","James","Male","2008-02-16","02:49:00",69111,"14.625",True,"Business Development",100565
"UPJ3mfJk2nZ1Sr7bozcmX","Gloria","Female","2004-08-19","10:31:00",46602,"1.027",True,"Business Development",100566
"TfCIMeRkM9pUXWUxepTd1","Ernest","Male","2001-06-30","13:46:00",61181,"16.559",False,"Business Development",100567
"NtEEwbeyfIdMRe4T8rtUL","Martha","Female","1997-07-17","23:11:00",94963,"19.626",True,"Business Development",100568
"3cMCTt7nHfFPumpiUlPgK","Tina","Female","1999-08-06","03:18:00",102841,"3.369",False,"Client Services",100569
"W8G1szrLsETK7Sjx5n6JU","Henry","Male","2007-02-23","03:24:00",49665,"18.338",False,"Business Development",100570
"tgxrETrrxGscwEgiANfoi","Lisa","Female","2007-04-11","01:04:00",128042,"2.030",True,"Legal",100571
"WjDyMoXt0TYxq6PQelFVz","Denise","Female","1984-02-19","06:22:00",86150,"3.997",False,"Client Services",100572
"thwOJMiACutOw70SgMjWB","Stephen","Male","1984-10-21","06:26:00",121816,"10.615",True,"Distribution",100573
"7iqqcMwVN6zST1e0gRWhJ","Benjamin","Male","1988-04-12","23:32:00",123409,"7.783",False,"Product",100574
"v0QWOGkCRGvo7Q2deL4df","Ruth","Female","1980-09-02","06:52:00",59678,"10.895",False,"Distribution",100575
"5qE3oIfdYaR6h2TBAt51s","Shawn","Male","2006-12-29","03:05:00",57871,"4.020",True,"Human Resources",100576
"8ZRzXlPS9BnV7iYZBwdxP","Jennifer","Female","2015-03-31","19:43:00",132084,"10.006",True,"Engineering",100577
"a8NxkGZPS3YKWMqKbrSbr","Terry","Male","2004-11-10","04:33:00",35633,"3.947",True,"Distribution",100578
"UtKLo8J84LUYZgKSIjCHn","Jacqueline","Female","2008-07-27","12:08:00",125298,"3.019",True,"Legal",100579
"ygPy53V3UJ7xyfT1T4nn3","Roger","Male","1988-05-02","22:04:00",115582,"15.343",True,"Sales",100580
"WHQmaOoJyM2dP9KdytDLz","Justin","Male","1991-07-25","00:45:00",112975,"9.699",False,"Human Resources",100581
"7uo8aMNiKjDjt1SbZpV6G","Janet","Female","2008-07-12","12:10:00",36927,"18.769",False,"Client Services",100582
"R0tKH6eultplHtJ5ojUm0","Robin","Female","2004-03-26","17:41:00",70248,"9.660",True,"Sales",100583
"UrRGvKLpdTcMUUZNblDL6","Katherine","Female","2006-09-22","20:08:00",72002,"13.178",True,"Product",100584
"2uk9zP1unRvSB89KE1oh3","Peter","Male","1991-05-22","01:39:00",102577,"12.026",True,"Product",100585
"gAauDzUZrx9JGyDoqU7nB","Lillian","Female","2009-08-14","05:41:00",113554,"18.018",True,"Business Development",100586
"O1n10jsei0oOJCCNHA6fK","Rose","Female","1999-11-03","09:06:00",75181,"6.060",True,"Finance",100587
"sC7xMZtFZTvZQluZCDqfj","Bobby","Male","2004-09-30","22:52:00",79047,"18.784",False,"Human Resources",100588
"IsTYJPu7H5W5eWn7obDtH","Kimberly","Female","1986-04-20","15:55:00",52970,"4.513",False,"Sales",100589
"hR7Cfb1GDLjm5IoaWSFUe","Antonio","Male","2003-12-28","04:17:00",137979,"5.266",False,"Distribution",100590
"BMa8MTY2Yb8UhmurEGvk1","Doris","Female","1984-09-08","19:03:00",114360,"17.799",True,"Business Development",100591
"VdbNUFx8GJ3vVZoKIAcJE","Steven","Male","2009-07-05","04:55:00",110306,"16.843",True,"Human Resources",100592
"xtUniWNe9OmhlDqmLfUk6","Stephanie","Female","1982-09-14","08:14:00",96649,"3.453",False,"Sales",100593
"ZaldMesIvHPJ83wPXKdOG","Sandra","Female","1989-09-07","16:17:00",111468,"2.580",True,"Product",100594
"DXru0M3SdMCrV7N00GVAn","Kevin","Male","2005-07-01","15:22:00",141498,"4.135",True,"Sales",100595
"om9qIKd02JlxMXb8yilu1","Lisa","Female","2000-07-08","21:19:00",40121,"6.293",False,"Product",100596
"CIvXzRuGVTkVxGQCUXSjH","Fred","Male","1989-03-03","02:27:00",129712,"11.058",False,"Finance",100597
"v5hQrm1W0Hja0WMfnEihY","Joseph","Male","1982-11-04","21:46:00",126010,"19.601",False,"Legal",100598
"xYcrfMAuA7a5dzefI4hGm","Andrea","Female","1999-07-22","09:25:00",149105,"13.707",True,"Distribution",100599
"Y4g6bKCAQ3ifA2Tv7NX45","Catherine","Female","1986-08-31","18:20:00",59970,"12.801",False,"Client Services",100600
"q2fFAJHHqeGgoewCNu0Lv","Rose","Female","1982-12-31","18:50:00",145001,"19.850",False,"Engineering",100601
"BbM4E0lqktig1ni9CFS7u","Lawrence","Male","1984-10-01","14:06:00",102589,"17.952",True,"Marketing",100602
"UXxw7ViuLkIWkZaMmFlOt","Raymond","Male","1986-12-12","12:18:00",47529,"2.712",True,"Product",100603
"dymiKh2oePbkgl3sXcHrj","Clarence","Male","1989-08-05","18:11:00",148941,"11.517",False,"Product",100604
"GOg1nkMpMpd5OvAza33P2","Ryan","Male","1988-04-15","05:18:00",91109,"17.499",True,"Human Resources",100605
"HQeSCoTwdE4javB857hzn","Jane","Female","1992-01-12","13:23:00",51923,"13.623",False,"Business Development",100606
"SqwrudlXbOzIoAVV3NpC5","Lois","Female","2012-07-28","11:39:00",53954,"19.075",False,"Product",100607
"X8pr0rC9GqfqXNaUn9p4q","Shawn","Male","2008-03-17","14:12:00",39335,"10.664",False,"Distribution",100608
"b2Sg8KKD3rtzJa8dx7eCH","Thomas","Male","1990-05-03","09:29:00",111371,"15.081",True,"Engineering",100609
"WSz1BBE93C6hf8lqE2KK1","Kathryn","Female","2008-01-29","00:29:00",86676,"6.081",False,"Sales",100610
"myuFNIsPh2MCfm2gHXuC3","Mary","Female","2011-11-06","08:32:00",115057,"2.089",False,"Finance",100611
"6cTUL6etmwsfqPqtN6aqy","Julie","Female","1980-03-08","05:13:00",145357,"3.459",False,"Engineering",100612
"v19B5FfbeZaJQ1jw7JlBN","George","Male","1995-09-27","17:04:00",36749,"19.754",False,"Finance",100613
"FSM8dFDPQ3ET0cFHkkpQn","Ralph","Male","2000-02-10","16:48:00",89854,"7.227",False,"Business Development",100614
"P1sgd1i0X0Hv6yiSgQOzL","Judith","Female","1989-09-03","11:16:00",134048,"6.818",True,"Marketing",100615
"jk49pNrnpSc46p7TsLO7m","Evelyn","Female","2002-02-10","04:44:00",123621,"19.767",True,"Marketing",100616
"TaMZAWW02w36oU4fmmx8O","Rachel","Female","2011-06-23","00:52:00",54941,"3.221",True,"Distribution",100617
"gp4CwiFQwv2IHSRpiEiBl","Kelly","Female","2007-03-17","18:20:00",39371,"4.068",False,"Engineering",100618
"JFFpK3qd9IhDWwKiRNQTG","Ruby","Female","2008-05-31","20:41:00",83112,"4.083",False,"Marketing",100619
"HURiKjqau8yx5YlE0KLfS","Ann","Female","1980-10-03","01:08:00",96941,"10.048",True,"Distribution",100620
"4H1gms198ZirqbSaXQyPu","Kenneth","Male","1985-12-14","06:55:00",47232,"17.862",True,"Legal",100621
"FRN61lcBvKJ3AY1K3Ldy5","William","Male","1993-11-18","12:27:00",54058,"5.182",True,"Human Resources",100622
"yxlAhIDH2f6eUu0POkdpy","Deborah","Female","2009-02-26","10:17:00",118043,"7.266",True,"Business Development",100623
"81WYKy7vqarK4rnheCQYr","Julia","Female","2014-08-18","03:12:00",97566,"2.147",False,"Marketing",100624
"tvW8zjrbmYk70VFmjqBmd","Cynthia","Female","2006-07-12","08:55:00",149684,"7.864",False,"Product",100625
"9ZG8hooYTJErmQFO1UkUC","Johnny","Male","2007-01-14","14:54:00",71383,"2.097",True,"Human Resources",100626
"rDNfs3HgloHmJEQeMBVw7","Michael","Male","2002-08-31","01:20:00",81206,"19.908",True,"Distribution",100627
"RP8rG5zp6a4AVcQdfyCbA","Kenneth","Male","2015-01-15","14:41:00",69112,"7.588",True,"Finance",100628
"USR6KsvkuYun4gnd5Twus","Keith","Male","2003-02-12","15:02:00",120672,"19.467",False,"Legal",100629
"LALp0H0hmvG3jHc19POop","Gerald","Male","2010-05-28","12:26:00",96511,"9.331",False,"Human Resources",100630
"NHSDRtj3fxrFJcFEMPbap","Douglas","Male","2007-08-04","05:23:00",132175,"2.280",False,"Engineering",100631
"3ecS8WqPIwzwr83Bz1LTf","Carolyn","Female","2004-03-17","06:38:00",118037,"13.492",False,"Finance",100632
"pkA2Vr9NH3tAVAe9LTU1z","Joseph","Male","1985-05-23","22:16:00",139570,"15.804",True,"Finance",100633
"1y0dtChIlkT3JdMQZrFYf","Billy","Male","2000-04-06","15:14:00",115280,"9.153",False,"Distribution",100634
"v8kioZ8IGYwGaUnqAgoHp","Joyce","Female","2001-07-25","06:04:00",51065,"16.807",False,"Human Resources",100635
"rCLTefyBfO0jaswHeh2Z9","Lillian","Female","2002-08-26","08:53:00",103854,"4.924",True,"Distribution",100636
"Yvu7hc17jUqYnB0lEciRX","Ruby","Female","2006-08-13","18:27:00",48354,"19.501",False,"Business Development",100637
"xpHX4WD1VGgF7NSxWqrBb","Sandra","Female","1998-02-07","12:39:00",132327,"19.264",False,"Product",100638
"5G80rC2klsLmlXWuR6jKy","Louise","Female","1982-02-26","01:03:00",106362,"8.965",False,"Sales",100639
"BiJR5WXR2h90Tb2cIj8J8","Brenda","Female","1981-01-03","18:01:00",131131,"11.682",False,"Client Services",100640
"Dmcymbf7WHNq5dgmYgEg0","Stephen","Male","1990-09-10","22:42:00",129663,"15.574",False,"Human Resources",100641
"iaOQp80zgke3fVirjMxzO","Bobby","Male","1984-06-05","07:40:00",93368,"2.880",True,"Product",100642
"RN83JZESXAmWSj41bvlC8","Ernest","Male","1997-09-06","14:02:00",53335,"9.192",False,"Product",100643
"BL9Qo826rgQ4rg5ejhKVi","Diana","Female","2004-11-19","08:47:00",105066,"17.343",True,"Business Development",100644
"SFkIbwFVa0ktnmMBccnnB","Harry","Male","1985-02-10","19:46:00",63046,"10.411",False,"Finance",100645
"9aDHxOwEpDr4HyknV92eb","Marie","Female","1993-12-08","18:28:00",98406,"7.943",True,"Product",100646
"6OEW5DETnTgpKaNgUreIO","Sean","Male","2006-04-25","16:51:00",108581,"9.634",False,"Human Resources",100647
"LeURyr9LUy6Yvfp4mxKGO","Robin","Female","2012-10-01","02:44:00",41808,"19.239",False,"Business Development",100648
"B7lBaHAg5eKUWt8gz3BpN","Phillip","Male","1984-10-07","11:05:00",36837,"14.660",False,"Marketing",100649
"Sx8Cx5XPIhpsBNRalenR3","Jerry","Male","1989-03-26","04:15:00",140850,"18.855",False,"Finance",100650
"OpIYYmq6k0hf8OWMJnNK8","Ronald","Male","1983-05-25","10:05:00",50426,"18.536",True,"Sales",100651
"9q4i7BEilgS1MYqkvJayn","Phillip","Male","1984-05-15","06:15:00",134120,"6.842",False,"Human Resources",100652
"307oLCTenwcanQJUtvnEH","Karen","Female","1997-08-29","16:56:00",80633,"16.306",False,"Legal",100653
"huzRdfFwBYchNzouJtrRa","Bonnie","Female","2004-08-25","02:17:00",131943,"14.249",False,"Client Services",100654
"GdXbZ90GrqDX8vV2PAQNX","Earl","Male","2013-06-15","03:00:00",48046,"7.737",False,"Marketing",100655
"hBhecQXt1Q8QKjjRDGpow","Katherine","Female","2013-08-18","15:58:00",97443,"13.657",False,"Product",100656
"EvA52nqzSgEsaBLU5KxUA","Matthew","Male","1995-08-03","05:39:00",135352,"7.986",True,"Business Development",100657
"kxVoDVeKZFXOlJb7F1CuZ","Gerald","Male","2003-03-29","10:37:00",96329,"2.469",True,"Engineering",100658
"8uTwqKGo5J3UDEjLs07O4","Brenda","Female","2015-01-18","16:39:00",73749,"19.332",False,"Business Development",100659
"TwWOzrY3bnAAGL8ng4Svj","Jason","Male","1998-05-01","18:05:00",75607,"4.299",True,"Sales",100660
"ydTkk76BuBxU8onPT946M","Melissa","Female","1994-09-08","04:11:00",98858,"3.525",True,"Human Resources",100661
"EwFUrCh9xosT1MDKGMm0K","Beverly","Female","1998-04-11","14:27:00",76485,"9.212",True,"Engineering",100662
"DsQ3IqFOVf6kCDS7F6BAX","Jacqueline","Female","2003-05-25","19:13:00",125418,"8.064",False,"Distribution",100663
"v67CGdpxEF4kJ1jfMYOAr","Amy","Female","2009-05-20","06:26:00",75415,"19.132",False,"Client Services",100664
"G9opZjha97RGxnVyVYRKk","Ruby","Female","1980-01-28","23:08:00",142868,"6.318",False,"Marketing",100665
"0LormzCe7xNmZAbKb47kH","Kathryn","Female","1995-10-27","15:39:00",57300,"18.015",False,"Marketing",100666
"qBaeCX6spKx7zv5vaGwfj","Lisa","Female","2003-10-17","13:42:00",73706,"18.530",False,"Finance",100667
"YCkkBz6K28R1orGD8iQ8y","Juan","Male","1993-10-06","08:52:00",85871,"9.160",False,"Product",100668
"EvVOmXzmwyDZWDJvxKwiq","Anthony","Male","2014-01-30","21:04:00",96795,"14.837",False,"Sales",100669
"EUwbyyEMfQXgjS1fZrutx","David","Male","2009-12-05","08:48:00",92242,"15.407",False,"Legal",100670
"oyqVqEUUQiqLGmT7FPKia","Marilyn","Female","2007-10-08","00:32:00",115149,"11.934",True,"Legal",100671
"SvrhKIxJJn2CW2qjRODvd","Margaret","Female","2001-01-04","03:07:00",126924,"1.552",True,"Finance",100672
"3aiSIJZtuVLYcxY7exiOl","Timothy","Male","1991-08-25","10:37:00",92587,"8.475",False,"Finance",100673
"mlJxG5bd0GJTLWXUThlLj","Brandon","Male","1995-10-23","12:04:00",60263,"2.709",False,"Sales",100674
"DGqbEsnIyXlkQh7n57pJ0","Frank","Male","2013-07-27","16:32:00",91406,"5.681",True,"Business Development",100675
"3ato82aS2lxjZuy6jfn1X","Betty","Female","2002-11-19","10:40:00",37005,"7.645",True,"Marketing",100676
"iREaQTCZgWHGg2kei4L7X","Victor","Male","2010-03-10","17:01:00",45267,"3.942",True,"Sales",100677
"Y5xoEcVqVrLMUhd3pVgc3","Jane","Female","2012-04-27","14:12:00",59680,"15.211",True,"Business Development",100678
"D7WsWu8mu1XtotaZuJNbv","Walter","Male","1992-05-21","00:39:00",144701,"16.323",True,"Marketing",100679
"PEsAAXCTvBGDfeDHGTOuh","Christina","Female","2002-06-23","15:18:00",35477,"18.178",False,"Human Resources",100680
"TvQOX6hXRgWPnfrrxK3fk","Patricia","Female","1995-10-10","16:52:00",119266,"6.911",False,"Distribution",100681
"74UVqr3E88JhuqvXKct1o","Heather","Female","1983-07-29","10:48:00",47605,"14.955",True,"Human Resources",100682
"4D4bIOF0CSgfjjjh35KwY","Stephanie","Female","1988-06-26","05:48:00",136604,"6.160",True,"Human Resources",100683
"l8xbxyoLLXO5skogRxhpf","Alice","Female","2013-02-09","00:49:00",121250,"4.363",True,"Finance",100684
"cHlE790Dp0iEmbxKHgio1","Frances","Female","2014-05-16","08:31:00",35884,"17.667",False,"Sales",100685
"sJsRCqLP7ybSshsLWdJ3C","Elizabeth","Female","1998-07-27","11:12:00",137144,"10.081",False,"Finance",100686
"ndGGLRxPNjVs4aMsVs7z3","Janice","Female","2009-12-17","06:42:00",102697,"3.283",False,"Engineering",100687
"My1BzeGBeMFiV32E5XnkD","Donald","Male","1991-08-01","02:25:00",61999,"6.466",False,"Product",100688
"m9CEtyldzc4FI3IlZiHgs","Melissa","Female","2002-10-22","01:20:00",45223,"8.879",True,"Legal",100689
"aziB1dv5v3dNqgKuIrzCJ","Carl","Male","2010-07-07","13:33:00",54033,"15.528",True,"Business Development",100690
"JZ0JVBeHJRlCO7l8GiPC3","Lois","Female","2015-12-11","16:10:00",99747,"6.168",False,"Marketing",100691
"IYiXJTl2CBlT7CaRNyrCz","Ann","Female","2001-09-28","06:37:00",71958,"5.272",True,"Distribution",100692
"t2r3fXUCi9e3WSaeTeZAx","Todd","Male","1983-01-04","12:34:00",115566,"6.716",True,"Client Services",100693
"UvHrVL5wWe2SG10izzYrd","Marilyn","Female","1996-01-16","07:18:00",118369,"7.696",True,"Business Development",100694
"ppEVUHONhpImeoUHD4hYS","Shawn","Male","2008-03-13","17:36:00",51667,"6.339",False,"Product",100695
"fLL6U6HxALqA77Hczmrki","Ryan","Male","1999-04-27","03:41:00",85858,"19.475",False,"Client Services",100696
"y4j5fYLuAFGxdnbcJ2T2E","Sean","Male","2009-03-21","11:38:00",131423,"8.957",False,"Distribution",100697
"jxX9cLuRfbEOqGPyYUBFm","Rose","Female","2002-01-02","21:14:00",49538,"9.828",False,"Client Services",100698
"ztDaEYA76eNY0uuFsNd8Z","George","Male","2015-06-05","05:40:00",50369,"18.900",True,"Sales",100699
"lvMKB7CdxhaxN53GzcPmW","Arthur","Male","2013-12-05","08:44:00",86615,"3.412",True,"Business Development",100700
"kYOsLPLSmRfXhZAS560sS","Deborah","Female","2003-11-11","16:53:00",60003,"9.624",False,"Client Services",100701
"27FQTnPcCA2aS9YKWd1hW","Judith","Female","2004-03-01","07:32:00",109324,"19.488",False,"Distribution",100702
"3hivc7dpHEy8RVNUrW2UX","Philip","Male","2005-03-11","10:56:00",103557,"16.014",True,"Business Development",100703
"zZ98sDHrfz3cE29wruXgX","Jeffrey","Male","1986-09-20","06:06:00",111376,"2.673",True,"Business Development",100704
"NyaRD6fTGvA6Ud0A6ycV3","Theresa","Female","2001-04-27","21:17:00",75661,"1.079",True,"Legal",100705
"6LtYeZJRsPBvpvAx56Lmn","Nancy","Female","2001-09-10","23:57:00",85213,"2.386",True,"Marketing",100706
"nCTZ0MrOBTKAXS4TpiFPM","Harold","Male","2012-06-23","12:40:00",140444,"3.771",False,"Distribution",100707
"RrRe2tegWygF13kI7HAVl","Bonnie","Female","2008-12-23","09:26:00",90427,"2.010",True,"Client Services",100708
"d78b2G6qAjrxRETqQcEC3","Doris","Female","1993-07-05","17:54:00",141439,"3.799",False,"Business Development",100709
"TXkmgSTiFDAgDEAvR6jqT","Samuel","Male","1997-08-07","12:40:00",43694,"3.787",True,"Engineering",100710
"F3XW2qngW7ZbA8F0heDka","Alice","Female","1996-03-23","03:09:00",131952,"12.090",False,"Engineering",100711
"BC12GtRYtY0jgayI3JApv","Maria","Female","2003-03-14","17:23:00",96250,"10.056",False,"Business Development",100712
"bcA6FXms8ej4hGoqbHJdO","Andrew","Male","1990-09-28","09:38:00",137386,"8.611",True,"Distribution",100713
"EeXkbpogILa7HyFvNNzFb","William","Male","1997-06-26","08:33:00",104840,"15.653",True,"Engineering",100714
"jXaGXXNJ4b6s6xYjNsIPp","Lori","Female","2015-11-20","13:15:00",75498,"6.537",True,"Marketing",100715
"5O0vjdrTRGFNqxCIr1kgW","Wayne","Male","2006-09-08","11:09:00",67471,"2.728",False,"Engineering",100716
"kutRpsiz4TZojM8cGbARc","Kenneth","Male","2006-05-10","08:24:00",101914,"1.905",True,"Distribution",100717
"0xnNwwGxR8UZNYGxDl8iR","Ashley","Female","2006-03-31","13:24:00",142410,"11.048",True,"Engineering",100718
"WJMom829WBxfJoYztbTn1","Scott","Male","2011-08-20","08:08:00",37385,"8.226",True,"Business Development",100719
"7q6TU7cIlwMPF3oyWo3mn","Paula","Female","1983-05-21","11:42:00",58423,"10.833",False,"Business Development",100720
"Ga3atO5XPVTNqq89JEmXF","Teresa","Female","2013-01-22","15:17:00",113425,"11.907",True,"Human Resources",100721
"swIV7WHUme4BFAMrY0lbU","Randy","Male","2012-02-25","05:33:00",57266,"14.077",False,"Product",100722
"2SghiAvfKKm5TY7jX9qAJ","Joe","Male","1980-01-19","16:06:00",119667,"1.148",True,"Finance",100723
"Bjo2KqmqKHCqJJOTxryrE","Sarah","Female","2014-08-17","23:08:00",127118,"11.176",False,"Legal",100724
"fiUv4DlwZeKSBktJI2YhV","Beverly","Female","1986-10-17","00:51:00",80838,"8.115",False,"Engineering",100725
"zvhUCBty80QwmnAFNqKEB","Jeffrey","Male","1984-02-03","13:26:00",70990,"15.901",True,"Sales",100726
"yPlXeu2oH7JOeijpdbYcN","Gloria","Female","1987-10-24","04:43:00",39833,"9.631",False,"Engineering",100727
"r1RACCoa74GWrFLmUQkAM","Albert","Male","1992-09-19","02:35:00",45094,"5.850",True,"Business Development",100728
"kZkM0rj5YTX1PcfRJ90qV","Stephen","Male","1989-10-29","23:34:00",93997,"18.093",True,"Business Development",100729
"iXrfuPdY9vvACp1JTwNda","Jonathan","Male","2013-08-21","00:45:00",121797,"16.923",False,"Product",100730
"L8YgH4ougboLjcGMspt6L","Ann","Female","1994-09-23","11:15:00",89443,"17.940",True,"Sales",100731
"bGxukBQmsGxEfMzfYlfWX","Bruce","Male","1980-05-07","20:00:00",35802,"12.391",True,"Sales",100732
"8JxYeVfJR25ulcGjz5aHx","Catherine","Female","1989-09-25","01:31:00",68164,"18.393",False,"Client Services",100733
"pqZttvkRq9YF1vRBgZtoc","Louis","Male","2011-08-16","17:19:00",93022,"9.146",True,"Human Resources",100734
"8FX3EAltV3emeSMwX7Ls4","Thomas","Male","2016-03-12","15:10:00",105681,"19.572",False,"Engineering",100735
"mOvgkefH74syzwDdCXaGO","Louise","Female","1995-03-27","22:27:00",43050,"11.671",False,"Distribution",100736
"dBvFCOhJPUIiezghVQ5BT","Linda","Female","2010-02-04","20:49:00",44486,"17.308",True,"Engineering",100737
"AX3vqvocFDuMijNcNebo8","Alice","Female","1988-09-03","20:54:00",63571,"15.397",True,"Product",100738
"10Ft73SdpmNYDPtVhvYV0","Patrick","Male","2002-12-30","02:01:00",75423,"5.368",True,"Business Development",100739
"73xA9pcyoe3CvgThFVpLH","Russell","Male","2013-05-10","23:08:00",137359,"11.105",False,"Business Development",100740
"KGHumlbQWjlvg8luwAYtV","Harry","Male","2011-08-30","18:31:00",67656,"16.455",True,"Client Services",100741
"YOLnzuOCM6HouDTiNS7sn","Susan","Female","1995-04-07","22:05:00",92436,"12.467",False,"Sales",100742
"tjej3KnDA3CiUkAja46wd","Denise","Female","1992-10-19","05:42:00",137954,"4.195",True,"Legal",100743
"nVHFZAlX2SLdZh73GR0U4","Sarah","Female","1995-12-04","09:16:00",124566,"5.949",False,"Product",100744
"uLgZ1i2vCgkdx5cMynjkT","Sean","Male","1983-01-17","14:23:00",66146,"11.178",False,"Human Resources",100745
"m0PzU2zkns72ODBUFmy9x","Ernest","Male","2013-07-20","06:41:00",142935,"13.198",True,"Product",100746
"lTJHaY005f524ywOJg2J0","Kimberly","Female","2013-01-26","00:57:00",46233,"8.862",True,"Engineering",100747
"5fweaQzr9mfBYzyUvAswF","James","Male","1993-01-15","17:19:00",148985,"19.280",False,"Legal",100748
"XThfG8lkg8IR63wwYcSab","Rose","Female","1982-04-06","10:43:00",91411,"8.639",True,"Human Resources",100749
"RQlRQsFyPoKhRgRiGNXNi","John","Male","1982-12-23","22:35:00",146907,"11.738",False,"Engineering",100750
"jCyqtDZ2IT6HU5IUFuitn","Maria","Female","2011-10-15","16:53:00",43455,"13.040",False,"Engineering",100751
"pQuwcbLMxw0u87IYD8Lf6","Donna","Female","1982-11-26","07:04:00",82871,"17.999",False,"Marketing",100752
"Nc7Wfwq1Z2KRwb9HVuc2M","Gloria","Female","2014-12-08","05:08:00",136709,"10.331",True,"Finance",100753
"gw1elBDqHzrw5SLBJM52D","Alice","Female","2004-10-05","09:34:00",47638,"11.209",False,"Human Resources",100754
"HrF6h6uDg4JlWtoYHdcFz","Robin","Female","1987-07-24","13:35:00",100765,"10.982",True,"Client Services",100755
"ptyRncmTTgic9NRR6X9xw","Rose","Female","2002-08-25","05:12:00",134505,"11.051",True,"Marketing",100756
"GTZjCAuY6gbPJB9yPHb77","Anthony","Male","2011-10-16","08:35:00",112769,"11.625",True,"Finance",100757
"loFS2evb219bmAioFqpwr","Tina","Female","1997-05-15","15:53:00",56450,"19.040",True,"Engineering",100758
"zDFWyuZS1okw9BSVBKxk5","George","Male","2013-06-21","17:47:00",98874,"4.479",True,"Marketing",100759
"ZvkghhoM7u9KWVrkcAoMn","Phillip","Male","1984-01-31","06:30:00",42392,"19.675",False,"Finance",100760
"U4AF94LuQvuIPoc8MEtVH","Russell","Male","2013-05-20","12:39:00",96914,"1.421",False,"Product",100761
"SKmFE2eCsK7e8vsEN7o7f","Larry","Male","2013-04-20","16:45:00",60500,"11.985",False,"Business Development",100762
"8cMrsgVM16Rtj4UR4mW5F","Albert","Male","2012-05-15","18:24:00",129949,"10.169",True,"Sales",100763
